image_index,filename,extraction_time_ms
1,00000.png,2.4130
2,00001.png,2.3625
3,00002.png,1.9907
4,00003.png,4.1772
5,00005.png,1.7032
6,00006.png,2.1445
7,00007.png,2.0323
8,00008.png,1.6893
9,00009.png,1.8362
10,00010.png,22.5886
11,00011.png,1.8896
12,00013.png,1.7740
13,00014.png,2.1108
14,00015.png,3.7557
15,00016.png,1.7280
16,00017.png,3.0629
17,00018.png,1.7764
18,00019.png,2.0658
19,00020.png,3.3583
20,00021.png,3.2823
21,00022.png,2.3170
22,00023.png,1.5531
23,00024.png,4.2303
24,00026.png,1.8842
25,00028.png,1.7754
26,00030.png,2.3399
27,00031.png,3.2300
28,00032.png,2.0621
29,00034.png,2.1444
30,00035.png,1.6969
31,00036.png,1.7799
32,00037.png,3.3890
33,00038.png,3.0184
34,00039.png,3.3642
35,00040.png,4.0345
36,00042.png,3.6587
37,00043.png,3.1610
38,00044.png,3.8759
39,00045.png,1.6346
40,00046.png,3.0428
41,00048.png,3.3421
42,00049.png,2.1740
43,00050.png,2.8635
44,00051.png,2.2905
45,00052.png,1.8653
46,00053.png,1.7640
47,00054.png,2.2223
48,00055.png,3.5100
49,00056.png,3.6628
50,00058.png,1.9523
51,00059.png,1.3889
52,00060.png,3.0769
53,00062.png,1.6471
54,00063.png,2.1463
55,00064.png,1.4517
56,00065.png,1.4710
57,00067.png,1.1484
58,00068.png,1.5168
59,00069.png,1.9975
60,00071.png,3.2263
61,00073.png,1.8292
62,00074.png,2.7894
63,00075.png,1.7182
64,00076.png,1.4200
65,00078.png,1.5399
66,00079.png,3.0674
67,00080.png,3.1261
68,00081.png,1.7499
69,00082.png,1.7533
70,00083.png,1.7808
71,00085.png,1.5871
72,00086.png,1.8071
73,00087.png,1.3992
74,00088.png,1.9530
75,00089.png,3.0016
76,00090.png,1.6338
77,00091.png,1.5880
78,00092.png,1.6721
79,00093.png,3.4748
80,00094.png,3.5199
81,00096.png,1.7625
82,00097.png,1.3709
83,00098.png,1.4378
84,00099.png,1.5514
85,00100.png,4.1207
86,00102.png,1.6730
87,00104.png,1.6452
88,00105.png,1.7463
89,00106.png,1.6204
90,00107.png,2.0772
91,00108.png,1.6182
92,00109.png,1.4627
93,00110.png,1.4942
94,00111.png,1.6133
95,00112.png,1.3768
96,00115.png,1.8126
97,00116.png,1.3695
98,00117.png,1.5290
99,00118.png,1.5164
100,00119.png,1.4159
101,00120.png,1.4507
102,00121.png,1.4102
103,00122.png,1.3359
104,00123.png,1.7563
105,00124.png,1.7208
106,00128.png,1.4868
107,00130.png,1.7063
108,00131.png,1.5214
109,00132.png,2.7458
110,00133.png,1.9258
111,00136.png,2.1417
112,00137.png,2.7176
113,00138.png,1.4414
114,00139.png,1.3518
115,00140.png,1.4959
116,00141.png,1.3472
117,00143.png,1.4053
118,00144.png,1.3612
119,00145.png,2.2539
120,00146.png,2.2066
121,00147.png,2.9640
122,00149.png,2.2363
123,00150.png,1.5449
124,00151.png,1.7964
125,00153.png,1.8038
126,00154.png,1.5098
127,00155.png,1.4694
128,00157.png,3.4028
129,00158.png,2.8227
130,00159.png,1.6637
131,00160.png,3.0343
132,00161.png,2.9090
133,00162.png,2.1382
134,00163.png,2.6499
135,00164.png,1.5040
136,00165.png,1.5668
137,00166.png,1.8431
138,00167.png,1.4253
139,00168.png,1.4895
140,00169.png,3.4898
141,00170.png,1.8702
142,00171.png,1.8207
143,00173.png,2.5547
144,00174.png,3.4635
145,00175.png,2.8155
146,00176.png,1.6471
147,00177.png,1.7428
148,00178.png,3.6762
149,00179.png,4.0828
150,00180.png,1.7074
151,00181.png,3.2279
152,00182.png,3.8696
153,00183.png,3.6539
154,00184.png,2.2870
155,00185.png,2.0269
156,00186.png,2.0438
157,00187.png,2.0391
158,00189.png,4.1971
159,00191.png,4.3930
160,00192.png,4.4869
161,00193.png,1.7922
162,00195.png,3.6601
163,00196.png,3.2310
164,00197.png,2.9706
165,00198.png,3.4610
166,00199.png,2.9114
167,00200.png,1.9335
168,00201.png,2.6927
169,00202.png,2.9799
170,00203.png,2.8571
171,00204.png,2.8621
172,00205.png,2.9258
173,00206.png,4.1596
174,00208.png,3.3747
175,00209.png,3.9408
176,00210.png,3.6766
177,00211.png,3.5670
178,00212.png,3.5789
179,00213.png,3.2203
180,00214.png,2.3123
181,00215.png,1.9808
182,00217.png,1.5758
183,00218.png,3.2871
184,00220.png,1.8638
185,00221.png,1.5826
186,00222.png,1.4542
187,00223.png,1.4039
188,00224.png,1.6940
189,00225.png,1.7070
190,00226.png,1.3765
191,00227.png,1.8283
192,00228.png,1.8539
193,00229.png,1.9572
194,00230.png,1.8245
195,00231.png,1.3658
196,00232.png,1.8830
197,00233.png,2.0412
198,00234.png,2.1835
199,00235.png,1.4509
200,00236.png,1.8050
201,00238.png,1.6901
202,00239.png,4.0571
203,00240.png,2.9883
204,00241.png,1.7515
205,00242.png,1.4084
206,00243.png,1.4193
207,00245.png,1.4130
208,00246.png,1.9458
209,00247.png,1.8086
210,00248.png,1.8319
211,00249.png,1.9687
212,00250.png,2.2052
213,00251.png,2.0435
214,00252.png,1.7778
215,00253.png,1.3841
216,00254.png,1.4475
217,00255.png,2.4385
218,00256.png,1.6954
219,00257.png,2.0500
220,00258.png,1.6996
221,00259.png,1.8400
222,00260.png,1.4434
223,00261.png,2.6538
224,00262.png,2.2458
225,00263.png,1.4875
226,00264.png,1.4050
227,00265.png,1.5728
228,00266.png,1.3588
229,00267.png,1.7007
230,00268.png,1.4231
231,00269.png,1.3418
232,00270.png,2.4350
233,00271.png,1.3101
234,00272.png,1.2267
235,00273.png,1.4078
236,00274.png,1.7353
237,00275.png,1.3348
238,00276.png,1.4194
239,00277.png,1.4819
240,00279.png,1.3084
241,00280.png,1.3285
242,00281.png,1.8605
243,00284.png,1.8437
244,00285.png,1.5606
245,00286.png,1.2371
246,00288.png,1.8693
247,00289.png,3.1753
248,00290.png,3.5911
249,00292.png,2.3367
250,00293.png,2.6446
251,00294.png,1.6919
252,00295.png,3.4568
253,00296.png,3.1839
254,00297.png,2.8754
255,00298.png,1.4355
256,00300.png,3.2593
257,00301.png,2.6525
258,00302.png,1.5597
259,00303.png,2.1559
260,00304.png,2.6323
261,00305.png,2.9825
262,00307.png,1.5929
263,00308.png,2.9080
264,00309.png,3.0090
265,00310.png,3.3761
266,00312.png,3.0128
267,00313.png,2.8971
268,00314.png,3.3405
269,00316.png,3.1305
270,00317.png,2.9002
271,00318.png,2.8015
272,00319.png,2.4785
273,00320.png,2.6605
274,00321.png,2.7457
275,00322.png,2.9608
276,00325.png,3.3255
277,00326.png,2.9645
278,00327.png,2.1947
279,00328.png,2.2412
280,00329.png,3.5179
281,00330.png,3.3159
282,00331.png,3.4467
283,00332.png,2.7975
284,00333.png,3.9012
285,00336.png,2.9359
286,00337.png,2.8679
287,00338.png,3.0244
288,00339.png,3.1193
289,00341.png,2.7259
290,00342.png,1.5485
291,00343.png,1.3794
292,00344.png,1.3080
293,00345.png,3.1109
294,00346.png,3.3404
295,00347.png,2.1195
296,00348.png,3.6143
297,00349.png,1.3074
298,00350.png,1.9641
299,00351.png,1.6214
300,00352.png,1.4626
301,00353.png,2.4436
302,00354.png,2.6946
303,00355.png,1.3878
304,00356.png,1.2895
305,00357.png,1.3869
306,00358.png,1.8312
307,00360.png,1.3774
308,00361.png,3.4144
309,00362.png,3.5098
310,00363.png,5.8085
311,00364.png,3.5172
312,00366.png,2.1487
313,00367.png,2.2810
314,00368.png,1.4778
315,00369.png,3.0479
316,00371.png,3.0871
317,00372.png,2.7818
318,00373.png,2.8947
319,00375.png,2.9654
320,00376.png,2.9141
321,00377.png,3.2293
322,00378.png,2.8539
323,00379.png,2.8409
324,00380.png,3.1110
325,00381.png,2.8307
326,00382.png,5.1161
327,00383.png,3.9704
328,00384.png,3.9011
329,00385.png,3.0586
330,00386.png,4.4983
331,00387.png,3.6768
332,00388.png,3.0710
333,00389.png,1.7429
334,00390.png,3.1424
335,00391.png,2.9458
336,00392.png,2.9636
337,00393.png,3.0120
338,00394.png,1.9294
339,00395.png,2.7877
340,00396.png,3.0894
341,00397.png,3.2820
342,00398.png,3.1255
343,00399.png,2.5232
344,00400.png,1.6713
345,00401.png,1.3586
346,00403.png,1.4021
347,00404.png,1.3806
348,00405.png,2.0899
349,00406.png,1.4037
350,00407.png,1.7303
351,00408.png,1.2843
352,00409.png,1.6956
353,00410.png,1.5392
354,00411.png,1.5778
355,00412.png,1.1390
356,00414.png,1.5703
357,00417.png,1.4432
358,00418.png,1.3641
359,00419.png,1.2494
360,00420.png,2.1165
361,00421.png,2.5747
362,00422.png,1.9782
363,00423.png,1.6282
364,00425.png,2.0035
365,00426.png,1.5686
366,00427.png,1.2154
367,00428.png,1.3318
368,00429.png,1.5356
369,00431.png,1.3435
370,00432.png,1.2147
371,00433.png,2.0151
372,00434.png,1.4590
373,00438.png,1.5276
374,00439.png,1.2458
375,00440.png,1.2536
376,00441.png,1.5305
377,00442.png,1.3840
378,00444.png,1.8556
379,00445.png,1.4796
380,00447.png,1.3534
381,00448.png,1.4526
382,00449.png,1.2395
383,00450.png,1.5728
384,00452.png,1.5654
385,00453.png,1.4571
386,00454.png,3.9327
387,00455.png,1.5918
388,00456.png,1.6514
389,00457.png,1.3529
390,00458.png,1.3336
391,00460.png,1.2604
392,00461.png,5.6960
393,00462.png,1.3774
394,00463.png,1.2129
395,00464.png,2.3271
396,00465.png,1.5118
397,00466.png,1.3445
398,00467.png,1.3016
399,00468.png,1.6706
400,00469.png,1.7209
401,00470.png,1.2635
402,00471.png,1.2712
403,00472.png,1.5248
404,00473.png,1.3724
405,00474.png,1.9765
406,00475.png,1.5316
407,00476.png,1.3101
408,00477.png,1.5588
409,00478.png,1.7704
410,00479.png,1.3968
411,00480.png,1.4538
412,00481.png,1.7223
413,00482.png,1.2331
414,00484.png,1.6512
415,00486.png,1.5120
416,00488.png,1.8524
417,00489.png,1.3675
418,00490.png,1.1269
419,00492.png,1.7988
420,00493.png,1.3478
421,00495.png,1.2113
422,00497.png,1.3416
423,00499.png,1.7134
424,00500.png,1.5642
425,00502.png,1.8855
426,00503.png,1.4441
427,00505.png,1.1587
428,00508.png,1.4525
429,00509.png,1.9437
430,00510.png,1.1783
431,00511.png,1.1347
432,00512.png,1.4997
433,00513.png,1.4620
434,00514.png,1.4304
435,00515.png,1.2656
436,00516.png,2.2664
437,00517.png,1.5308
438,00518.png,1.4455
439,00519.png,1.3702
440,00520.png,1.2270
441,00523.png,1.4243
442,00525.png,1.2467
443,00526.png,1.2777
444,00527.png,1.3282
445,00528.png,1.1447
446,00529.png,1.4755
447,00530.png,2.0836
448,00531.png,1.9870
449,00533.png,2.8245
450,00534.png,1.2945
451,00536.png,1.3242
452,00539.png,1.3459
453,00540.png,1.4144
454,00542.png,1.6252
455,00543.png,1.3971
456,00544.png,1.6073
457,00545.png,1.4522
458,00546.png,1.5112
459,00547.png,1.4335
460,00548.png,1.4343
461,00549.png,1.1117
462,00550.png,2.5784
463,00551.png,1.4125
464,00552.png,1.4028
465,00553.png,1.3063
466,00554.png,1.2466
467,00555.png,2.3304
468,00556.png,1.3407
469,00557.png,1.5911
470,00558.png,1.4167
471,00559.png,1.7443
472,00560.png,1.9119
473,00563.png,2.2324
474,00564.png,1.5257
475,00568.png,1.1130
476,00570.png,1.1339
477,00571.png,1.1028
478,00572.png,1.2819
479,00574.png,1.6911
480,00575.png,1.9820
481,00576.png,1.3027
482,00577.png,1.4447
483,00578.png,1.2324
484,00579.png,1.6362
485,00580.png,1.3202
486,00582.png,1.2192
487,00583.png,1.1262
488,00584.png,1.5233
489,00586.png,1.3649
490,00588.png,3.5763
491,00589.png,1.7936
492,00590.png,2.5734
493,00591.png,2.4784
494,00592.png,3.4225
495,00593.png,2.3708
496,00595.png,1.4072
497,00596.png,1.4793
498,00597.png,1.4796
499,00598.png,1.2358
500,00600.png,1.4284
501,00602.png,1.5403
502,00603.png,1.3697
503,00604.png,1.2093
504,00605.png,1.7985
505,00606.png,1.2209
506,00607.png,1.2881
507,00608.png,1.3016
508,00609.png,2.6739
509,00610.png,2.0607
510,00611.png,1.4477
511,00612.png,1.9396
512,00613.png,1.7339
513,00616.png,1.0921
514,00617.png,1.4214
515,00619.png,1.3840
516,00621.png,1.6510
517,00622.png,1.3428
518,00623.png,1.9022
519,00624.png,1.3683
520,00625.png,1.6228
521,00626.png,1.8291
522,00627.png,1.4266
523,00628.png,1.3643
524,00629.png,2.9969
525,00630.png,1.3895
526,00631.png,1.2691
527,00632.png,1.3465
528,00633.png,1.4262
529,00634.png,1.6717
530,00635.png,1.5824
531,00636.png,1.6770
532,00637.png,1.5655
533,00638.png,2.5906
534,00639.png,1.9834
535,00640.png,1.5656
536,00641.png,1.2618
537,00642.png,1.8381
538,00644.png,1.4176
539,00645.png,1.5134
540,00646.png,1.8983
541,00647.png,2.0354
542,00648.png,1.9821
543,00649.png,1.5665
544,00651.png,1.4651
545,00652.png,1.5914
546,00653.png,1.7425
547,00654.png,1.6452
548,00656.png,1.6230
549,00657.png,1.4293
550,00658.png,2.0749
551,00660.png,1.3886
552,00661.png,1.8566
553,00662.png,1.4953
554,00663.png,1.2794
555,00664.png,1.6632
556,00666.png,1.9111
557,00667.png,1.2388
558,00669.png,1.4311
559,00670.png,1.4063
560,00672.png,1.5406
561,00673.png,1.4057
562,00675.png,1.3341
563,00676.png,1.5235
564,00677.png,1.3731
565,00678.png,1.1669
566,00679.png,1.6081
567,00680.png,1.5267
568,00681.png,1.7442
569,00682.png,1.4192
570,00683.png,1.4022
571,00684.png,1.4619
572,00685.png,1.3732
573,00686.png,1.5356
574,00687.png,1.7151
575,00688.png,1.4523
576,00689.png,1.3747
577,00690.png,1.3643
578,00691.png,1.4202
579,00692.png,1.7097
580,00693.png,1.8805
581,00694.png,1.5265
582,00695.png,1.5412
583,00696.png,1.0823
584,00697.png,1.6105
585,00698.png,1.1167
586,00699.png,1.2370
587,00700.png,1.5214
588,00701.png,1.8723
589,00702.png,1.2055
590,00703.png,1.3318
591,00704.png,1.4251
592,00705.png,1.9228
593,00706.png,2.0785
594,00707.png,1.7305
595,00708.png,1.2467
596,00709.png,1.5235
597,00710.png,1.3851
598,00711.png,1.4919
599,00713.png,1.3304
600,00714.png,2.1346
601,00716.png,1.1493
602,00717.png,1.4329
603,00718.png,1.2966
604,00719.png,2.2641
605,00721.png,1.1276
606,00722.png,1.1412
607,00724.png,1.4607
608,00725.png,3.0753
609,00726.png,1.7509
610,00729.png,1.7505
611,00730.png,1.5800
612,00731.png,2.7834
613,00732.png,1.4936
614,00733.png,1.4199
615,00734.png,1.2020
616,00735.png,1.4008
617,00736.png,1.3532
618,00737.png,1.1866
619,00738.png,1.1443
620,00739.png,2.4258
621,00740.png,1.1808
622,00741.png,1.2495
623,00742.png,1.3074
624,00743.png,1.4175
625,00744.png,1.7999
626,00745.png,1.1523
627,00746.png,1.2344
628,00747.png,1.3033
629,00748.png,1.4283
630,00751.png,1.7587
631,00752.png,1.2922
632,00753.png,1.5764
633,00754.png,1.3444
634,00756.png,3.5116
635,00757.png,17.3612
636,00758.png,1.3933
637,00760.png,1.5916
638,00761.png,4.2394
639,00763.png,2.5260
640,00764.png,2.3455
641,00765.png,1.5581
642,00766.png,1.3329
643,00767.png,2.8719
644,00768.png,1.6979
645,00769.png,1.3743
646,00771.png,1.1917
647,00772.png,1.3699
648,00773.png,1.9346
649,00774.png,2.0086
650,00775.png,1.5988
651,00776.png,1.6399
652,00777.png,1.3830
653,00778.png,1.4438
654,00779.png,1.4692
655,00780.png,1.5003
656,00781.png,1.6548
657,00782.png,1.3956
658,00783.png,1.2134
659,00784.png,1.9729
660,00786.png,1.5179
661,00788.png,2.1709
662,00789.png,2.9262
663,00790.png,1.6503
664,00791.png,1.4297
665,00792.png,1.6724
666,00793.png,2.2205
667,00794.png,2.0657
668,00796.png,1.5272
669,00797.png,1.2567
670,00798.png,2.8212
671,00799.png,1.9297
672,00800.png,1.3613
673,00801.png,1.4126
674,00802.png,2.0190
675,00803.png,1.9856
676,00804.png,4.7584
677,00805.png,1.6465
678,00807.png,2.3262
679,00808.png,2.9279
680,00809.png,2.1856
681,00812.png,1.5098
682,00813.png,3.5093
683,00814.png,1.3117
684,00815.png,1.0921
685,00817.png,1.4597
686,00818.png,1.6034
687,00819.png,1.4610
688,00820.png,1.1290
689,00821.png,1.2317
690,00822.png,1.4156
691,00823.png,4.1937
692,00824.png,1.9727
693,00825.png,3.1984
694,00826.png,2.7601
695,00827.png,1.9653
696,00828.png,1.3070
697,00829.png,4.2524
698,00830.png,1.3510
699,00831.png,1.8724
700,00832.png,1.4366
701,00833.png,1.2795
702,00834.png,1.5546
703,00837.png,1.3121
704,00838.png,1.4523
705,00840.png,3.1758
706,00842.png,1.2117
707,00843.png,1.9161
708,00844.png,1.3393
709,00845.png,1.0833
710,00846.png,2.7818
711,00847.png,2.3740
712,00848.png,1.5694
713,00851.png,1.2090
714,00852.png,1.8650
715,00853.png,1.8254
716,00854.png,1.3123
717,00856.png,1.2814
718,00857.png,1.2338
719,00858.png,2.9448
720,00860.png,2.5495
721,00862.png,2.2479
722,00863.png,1.4786
723,00864.png,4.5830
724,00865.png,1.5064
725,00866.png,2.3918
726,00867.png,3.2036
727,00868.png,1.8111
728,00869.png,1.4766
729,00871.png,2.1252
730,00873.png,1.4677
731,00874.png,1.8851
732,00875.png,1.2875
733,00876.png,1.2716
734,00877.png,1.0714
735,00878.png,1.2245
736,00880.png,1.3785
737,00881.png,1.0945
738,00884.png,1.7570
739,00885.png,1.7712
740,00886.png,1.2447
741,00887.png,1.5169
742,00888.png,1.3709
743,00889.png,1.5001
744,00890.png,1.3015
745,00891.png,1.2585
746,00892.png,2.0309
747,00893.png,1.5337
748,00894.png,1.6227
749,00895.png,3.2092
750,00896.png,1.5897
751,00898.png,1.5261
752,00901.png,1.3525
753,00902.png,1.4558
754,00903.png,1.9549
755,00904.png,2.4398
756,00905.png,5.3609
757,00906.png,1.9766
758,00907.png,1.6815
759,00908.png,1.1769
760,00909.png,1.2930
761,00910.png,1.6060
762,00911.png,1.7861
763,00913.png,1.7583
764,00914.png,1.3176
765,00915.png,2.2209
766,00916.png,1.5501
767,00917.png,1.3011
768,00918.png,2.0821
769,00919.png,1.1805
770,00920.png,2.1739
771,00921.png,2.1850
772,00922.png,1.1779
773,00923.png,1.2972
774,00924.png,2.1188
775,00925.png,1.4290
776,00926.png,1.1102
777,00927.png,1.3834
778,00928.png,1.3482
779,00929.png,1.3035
780,00930.png,1.5024
781,00931.png,1.4579
782,00932.png,1.4459
783,00933.png,1.3128
784,00934.png,1.3212
785,00937.png,1.5097
786,00939.png,1.3345
787,00940.png,1.2083
788,00941.png,1.3214
789,00942.png,2.6907
790,00943.png,3.5117
791,00944.png,1.5804
792,00946.png,1.4948
793,00947.png,1.4844
794,00948.png,1.4582
795,00949.png,1.8376
796,00950.png,1.3817
797,00952.png,1.2462
798,00953.png,2.3130
799,00955.png,1.3979
800,00957.png,1.1684
801,00958.png,1.1387
802,00959.png,1.5819
803,00960.png,1.3890
804,00961.png,1.4587
805,00962.png,1.9607
806,00963.png,2.0568
807,00965.png,1.5545
808,00967.png,3.0258
809,00968.png,2.4880
810,00969.png,1.5208
811,00970.png,1.7356
812,00971.png,1.4810
813,00972.png,1.7923
814,00973.png,3.4050
815,00975.png,1.6839
816,00978.png,1.5263
817,00979.png,3.7602
818,00980.png,1.5909
819,00981.png,2.8348
820,00982.png,1.2987
821,00983.png,1.7121
822,00986.png,1.8097
823,00988.png,3.7531
824,00989.png,1.3272
825,00990.png,1.2515
826,00992.png,1.6335
827,00993.png,2.6559
828,00994.png,1.6203
829,00995.png,1.6989
830,00996.png,1.7695
831,00997.png,1.3066
832,00998.png,1.8737
833,00999.png,1.3186
834,01000.png,1.3930
835,01001.png,1.3509
836,01002.png,10.9763
837,01003.png,6.3048
838,01005.png,2.4799
839,01006.png,1.5528
840,01007.png,2.8964
841,01008.png,4.1184
842,01009.png,3.9150
843,01010.png,5.5615
844,01012.png,3.8248
845,01014.png,3.3886
846,01015.png,2.6636
847,01016.png,2.8259
848,01017.png,3.2088
849,01018.png,3.3214
850,01019.png,2.8823
851,01020.png,3.9046
852,01021.png,2.9141
853,01023.png,3.1478
854,01024.png,2.8361
855,01027.png,3.1488
856,01028.png,3.3995
857,01029.png,4.0613
858,01030.png,3.0085
859,01031.png,3.3210
860,01033.png,3.1591
861,01035.png,3.2744
862,01036.png,2.8309
863,01037.png,3.1217
864,01038.png,3.0065
865,01039.png,3.1484
866,01040.png,2.5492
867,01041.png,1.2055
868,01042.png,1.5683
869,01043.png,1.5966
870,01044.png,1.3731
871,01046.png,1.4233
872,01048.png,1.4185
873,01049.png,1.8099
874,01050.png,1.3653
875,01051.png,1.5179
876,01052.png,1.8638
877,01053.png,1.6451
878,01054.png,1.8612
879,01057.png,1.4484
880,01058.png,1.1595
881,01059.png,1.7241
882,01060.png,1.2266
883,01061.png,1.1247
884,01062.png,1.4460
885,01063.png,1.6172
886,01064.png,1.3281
887,01065.png,1.1372
888,01068.png,1.6993
889,01069.png,1.3576
890,01070.png,1.2674
891,01071.png,1.1413
892,01072.png,1.1089
893,01073.png,1.3150
894,01074.png,1.4083
895,01076.png,1.3440
896,01077.png,1.1622
897,01079.png,1.6448
898,01080.png,1.4250
899,01081.png,1.4249
900,01082.png,2.0757
901,01084.png,2.1084
902,01085.png,1.5805
903,01086.png,1.2308
904,01087.png,1.3649
905,01088.png,2.4520
906,01089.png,1.8001
907,01090.png,1.4070
908,01091.png,1.3437
909,01092.png,2.9557
910,01093.png,4.1366
911,01095.png,1.2392
912,01097.png,1.1311
913,01098.png,1.9220
914,01099.png,1.3604
915,01100.png,1.7140
916,01101.png,1.1340
917,01102.png,2.6429
918,01103.png,1.6950
919,01105.png,1.2879
920,01106.png,1.1732
921,01107.png,2.9123
922,01108.png,4.0926
923,01109.png,4.5829
924,01110.png,1.4644
925,01111.png,1.4058
926,01114.png,1.4949
927,01115.png,1.6985
928,01116.png,1.4083
929,01117.png,1.3379
930,01118.png,1.8616
931,01121.png,1.4343
932,01122.png,1.3339
933,01123.png,1.4304
934,01124.png,1.2482
935,01125.png,1.3357
936,01126.png,1.4499
937,01127.png,1.2275
938,01128.png,1.4057
939,01129.png,1.4502
940,01130.png,2.4591
941,01131.png,4.6596
942,01132.png,4.2790
943,01133.png,2.9986
944,01134.png,3.2165
945,01135.png,1.6351
946,01136.png,1.7597
947,01137.png,2.7364
948,01138.png,2.6828
949,01139.png,2.9726
950,01140.png,2.8255
951,01141.png,2.9154
952,01142.png,2.9155
953,01143.png,3.1672
954,01144.png,2.7980
955,01145.png,3.3857
956,01146.png,2.8257
957,01147.png,3.0439
958,01148.png,2.8630
959,01151.png,2.8524
960,01152.png,3.9737
961,01153.png,2.1666
962,01155.png,1.2645
963,01156.png,2.9010
964,01157.png,2.6697
965,01158.png,2.9128
966,01159.png,2.9753
967,01161.png,2.6364
968,01162.png,2.6987
969,01163.png,3.0798
970,01164.png,2.0072
971,01167.png,1.3580
972,01168.png,1.4440
973,01169.png,1.4606
974,01171.png,1.9588
975,01172.png,1.4392
976,01173.png,1.4860
977,01174.png,2.0147
978,01175.png,1.5938
979,01176.png,1.3466
980,01177.png,1.4737
981,01178.png,1.5107
982,01179.png,1.3769
983,01181.png,1.2559
984,01183.png,1.6702
985,01184.png,1.2119
986,01185.png,1.3755
987,01186.png,1.2660
988,01187.png,1.8493
989,01188.png,1.8084
990,01189.png,1.3679
991,01191.png,1.3419
992,01192.png,1.3910
993,01194.png,1.8093
994,01196.png,1.8830
995,01197.png,1.3548
996,01198.png,1.3623
997,01199.png,1.5182
998,01200.png,1.6427
999,01201.png,1.7292
1000,01202.png,1.4836
1001,01203.png,1.3212
1002,01204.png,1.0926
1003,01205.png,1.6434
1004,01206.png,1.5505
1005,01207.png,1.4788
1006,01208.png,1.1312
1007,01210.png,1.4389
1008,01211.png,1.3900
1009,01212.png,1.4688
1010,01213.png,1.4389
1011,01215.png,1.1243
1012,01216.png,1.7104
1013,01217.png,1.4564
1014,01218.png,1.2314
1015,01220.png,5.3331
1016,01221.png,2.6291
1017,01222.png,1.7268
1018,01223.png,1.3184
1019,01224.png,1.2571
1020,01226.png,1.5542
1021,01227.png,1.3409
1022,01230.png,1.4866
1023,01231.png,1.2434
1024,01232.png,1.1892
1025,01233.png,1.1861
1026,01234.png,1.0889
1027,01235.png,1.3267
1028,01237.png,1.4831
1029,01238.png,1.4664
1030,01239.png,1.3900
1031,01240.png,1.1427
1032,01241.png,1.2906
1033,01242.png,1.2813
1034,01243.png,1.1549
1035,01244.png,1.5737
1036,01245.png,1.3360
1037,01246.png,1.2809
1038,01247.png,1.3178
1039,01248.png,1.3013
1040,01249.png,1.3843
1041,01251.png,1.3791
1042,01252.png,1.3985
1043,01253.png,1.2928
1044,01254.png,1.5027
1045,01255.png,1.5794
1046,01258.png,1.1931
1047,01259.png,1.5306
1048,01260.png,1.2432
1049,01261.png,1.2040
1050,01262.png,1.4131
1051,01263.png,1.1573
1052,01265.png,1.2498
1053,01267.png,1.8443
1054,01268.png,1.5663
1055,01269.png,1.4862
1056,01270.png,1.7385
1057,01271.png,1.3370
1058,01272.png,1.1947
1059,01273.png,1.1200
1060,01275.png,1.1846
1061,01276.png,1.2798
1062,01277.png,1.1376
1063,01278.png,1.2827
1064,01279.png,1.3156
1065,01280.png,1.4230
1066,01281.png,1.2603
1067,01282.png,1.6527
1068,01283.png,1.3560
1069,01285.png,1.3452
1070,01288.png,1.3303
1071,01289.png,1.3040
1072,01290.png,1.3158
1073,01291.png,1.2048
1074,01292.png,1.4014
1075,01293.png,1.2203
1076,01294.png,3.3223
1077,01295.png,1.1850
1078,01296.png,1.3263
1079,01297.png,1.2314
1080,01298.png,1.1694
1081,01299.png,1.3933
1082,01300.png,1.2423
1083,01301.png,1.2309
1084,01302.png,1.7381
1085,01303.png,1.1846
1086,01304.png,1.3805
1087,01305.png,1.4062
1088,01306.png,1.1815
1089,01307.png,1.5323
1090,01310.png,1.4809
1091,01311.png,1.3045
1092,01312.png,1.6737
1093,01314.png,1.8310
1094,01315.png,2.0512
1095,01316.png,1.2367
1096,01317.png,1.3856
1097,01318.png,1.6749
1098,01319.png,1.2872
1099,01320.png,1.2828
1100,01321.png,1.4900
1101,01322.png,1.6052
1102,01323.png,1.4510
1103,01324.png,1.3183
1104,01328.png,1.8141
1105,01329.png,1.8416
1106,01331.png,1.3966
1107,01332.png,1.1147
1108,01333.png,1.4804
1109,01334.png,1.8585
1110,01335.png,1.5247
1111,01336.png,1.2140
1112,01337.png,1.5755
1113,01340.png,2.4848
1114,01341.png,1.6951
1115,01342.png,1.6301
1116,01343.png,1.5817
1117,01344.png,1.6933
1118,01345.png,1.4614
1119,01346.png,1.8349
1120,01347.png,1.1755
1121,01348.png,1.5231
1122,01349.png,1.4797
1123,01350.png,1.1991
1124,01351.png,1.1105
1125,01352.png,1.7426
1126,01353.png,1.3058
1127,01354.png,1.3438
1128,01355.png,1.1008
1129,01356.png,2.5273
1130,01357.png,1.3959
1131,01358.png,2.0954
1132,01359.png,1.2571
1133,01361.png,1.4940
1134,01362.png,1.2215
1135,01364.png,1.6013
1136,01366.png,1.7054
1137,01367.png,2.4401
1138,01368.png,2.7432
1139,01369.png,1.4466
1140,01370.png,1.2454
1141,01371.png,1.4148
1142,01372.png,1.2805
1143,01373.png,1.1262
1144,01374.png,1.4678
1145,01375.png,2.0972
1146,01376.png,1.5698
1147,01377.png,1.4642
1148,01378.png,2.2330
1149,01380.png,1.4323
1150,01381.png,1.5263
1151,01382.png,1.7312
1152,01383.png,1.4839
1153,01384.png,1.4983
1154,01385.png,1.1600
1155,01386.png,2.2043
1156,01387.png,1.3717
1157,01388.png,1.6694
1158,01389.png,1.4644
1159,01390.png,1.1732
1160,01391.png,1.5194
1161,01392.png,1.9064
1162,01393.png,1.2308
1163,01394.png,1.1746
1164,01396.png,1.4488
1165,01397.png,1.2831
1166,01399.png,1.2772
1167,01400.png,1.5341
1168,01401.png,1.3481
1169,01403.png,1.3417
1170,01404.png,1.5762
1171,01406.png,1.3416
1172,01407.png,1.2808
1173,01408.png,1.3843
1174,01409.png,1.3352
1175,01410.png,1.2916
1176,01411.png,1.2648
1177,01412.png,1.4753
1178,01413.png,1.2446
1179,01414.png,1.4234
1180,01415.png,1.3078
1181,01416.png,1.4157
1182,01417.png,1.4590
1183,01418.png,1.7569
1184,01419.png,1.4681
1185,01420.png,1.6203
1186,01423.png,1.2026
1187,01424.png,1.2123
1188,01425.png,1.6823
1189,01427.png,1.2210
1190,01428.png,1.9243
1191,01429.png,1.9198
1192,01430.png,1.3033
1193,01431.png,2.0267
1194,01432.png,1.5953
1195,01433.png,1.3696
1196,01435.png,4.7716
1197,01437.png,1.5571
1198,01440.png,1.2784
1199,01441.png,1.3707
1200,01442.png,4.9772
1201,01443.png,1.7940
1202,01446.png,1.2549
1203,01447.png,1.2229
1204,01448.png,1.1455
1205,01449.png,1.3412
1206,01450.png,1.4454
1207,01452.png,1.1946
1208,01453.png,1.4579
1209,01454.png,1.3741
1210,01455.png,1.1526
1211,01456.png,1.2828
1212,01457.png,1.8937
1213,01458.png,1.7202
1214,01459.png,1.4436
1215,01461.png,1.2430
1216,01463.png,1.1090
1217,01466.png,1.3665
1218,01467.png,1.2942
1219,01468.png,1.2752
1220,01469.png,1.4526
1221,01470.png,1.3006
1222,01471.png,1.1499
1223,01472.png,1.2387
1224,01474.png,1.3384
1225,01475.png,1.8366
1226,01476.png,2.1696
1227,01477.png,1.0935
1228,01478.png,1.4068
1229,01480.png,1.4442
1230,01481.png,1.4680
1231,01482.png,1.7142
1232,01483.png,1.4236
1233,01484.png,1.2460
1234,01485.png,1.3992
1235,01486.png,1.4827
1236,01488.png,1.4099
1237,01489.png,1.6026
1238,01490.png,1.5232
1239,01491.png,1.3763
1240,01492.png,1.3185
1241,01493.png,1.6923
1242,01494.png,1.1254
1243,01495.png,1.5698
1244,01496.png,1.3525
1245,01497.png,1.2465
1246,01498.png,1.3758
1247,01499.png,1.1992
1248,01500.png,1.5064
1249,01501.png,1.3685
1250,01502.png,1.1062
1251,01503.png,1.2693
1252,01504.png,1.4417
1253,01505.png,1.6604
1254,01506.png,1.3728
1255,01507.png,1.3457
1256,01508.png,1.3882
1257,01509.png,1.2668
1258,01510.png,1.3030
1259,01512.png,1.8764
1260,01513.png,1.4912
1261,01515.png,1.2933
1262,01516.png,1.3277
1263,01518.png,1.2884
1264,01519.png,1.9997
1265,01520.png,4.0298
1266,01521.png,1.2889
1267,01522.png,1.3197
1268,01523.png,1.5859
1269,01525.png,1.1736
1270,01526.png,1.2505
1271,01527.png,4.5522
1272,01528.png,4.8539
1273,01529.png,4.3638
1274,01530.png,3.2669
1275,01531.png,1.6855
1276,01533.png,3.4234
1277,01534.png,3.4554
1278,01535.png,4.7595
1279,01536.png,3.4442
1280,01537.png,3.1330
1281,01538.png,3.5758
1282,01539.png,4.9437
1283,01541.png,2.7273
1284,01542.png,3.0412
1285,01543.png,4.1142
1286,01544.png,4.3048
1287,01545.png,3.4087
1288,01546.png,3.8587
1289,01547.png,5.7088
1290,01548.png,4.2109
1291,01549.png,2.5789
1292,01550.png,3.9355
1293,01552.png,5.0105
1294,01553.png,2.1844
1295,01554.png,1.9664
1296,01555.png,2.1745
1297,01556.png,1.4896
1298,01557.png,1.2109
1299,01558.png,1.6389
1300,01559.png,1.3323
1301,01561.png,1.5380
1302,01562.png,1.5364
1303,01563.png,1.3757
1304,01564.png,1.9727
1305,01565.png,1.9744
1306,01566.png,1.9914
1307,01568.png,1.3502
1308,01569.png,1.5237
1309,01570.png,1.2343
1310,01571.png,1.2449
1311,01572.png,1.3620
1312,01573.png,2.0383
1313,01574.png,1.7719
1314,01575.png,1.2613
1315,01576.png,1.8050
1316,01577.png,1.3526
1317,01578.png,1.3035
1318,01579.png,1.3138
1319,01581.png,1.3504
1320,01583.png,1.5563
1321,01584.png,1.4352
1322,01585.png,1.1069
1323,01586.png,1.3096
1324,01587.png,1.6529
1325,01588.png,2.7572
1326,01589.png,1.4983
1327,01591.png,1.2504
1328,01592.png,1.2282
1329,01595.png,3.5385
1330,01596.png,1.1497
1331,01598.png,1.2613
1332,01599.png,1.4174
1333,01600.png,1.2409
1334,01602.png,1.4409
1335,01603.png,1.3103
1336,01604.png,1.5589
1337,01605.png,1.6212
1338,01606.png,1.5391
1339,01607.png,1.3463
1340,01608.png,1.4210
1341,01609.png,1.5182
1342,01610.png,1.2791
1343,01613.png,1.3902
1344,01614.png,1.3252
1345,01615.png,1.3248
1346,01616.png,1.1538
1347,01618.png,1.2958
1348,01619.png,1.2325
1349,01620.png,1.5527
1350,01621.png,1.4203
1351,01622.png,1.7378
1352,01623.png,1.2813
1353,01624.png,1.2809
1354,01625.png,1.2804
1355,01626.png,1.1103
1356,01627.png,15.2545
1357,01628.png,11.8557
1358,01629.png,3.6977
1359,01632.png,6.8375
1360,01633.png,3.6487
1361,01634.png,2.9216
1362,01635.png,3.0873
1363,01637.png,1.9459
1364,01639.png,3.5388
1365,01640.png,3.8399
1366,01641.png,3.0294
1367,01642.png,2.9615
1368,01643.png,3.3084
1369,01644.png,3.9048
1370,01645.png,4.3985
1371,01646.png,3.4399
1372,01647.png,3.6891
1373,01649.png,3.1073
1374,01650.png,3.7236
1375,01651.png,2.9422
1376,01652.png,3.3476
1377,01654.png,5.5024
1378,01655.png,3.9938
1379,01656.png,3.1275
1380,01658.png,3.4166
1381,01659.png,3.3337
1382,01660.png,5.0189
1383,01661.png,4.8797
1384,01662.png,3.3961
1385,01664.png,3.3636
1386,01665.png,3.1834
1387,01666.png,3.1664
1388,01668.png,3.2672
1389,01669.png,2.7598
1390,01670.png,2.1646
1391,01672.png,1.7350
1392,01673.png,1.5104
1393,01674.png,1.4797
1394,01675.png,1.2737
1395,01676.png,1.2573
1396,01677.png,1.4279
1397,01678.png,2.6269
1398,01679.png,1.5238
1399,01680.png,2.3582
1400,01681.png,1.6231
1401,01682.png,1.4931
1402,01685.png,1.8540
1403,01686.png,1.3117
1404,01687.png,1.4723
1405,01688.png,1.4309
1406,01689.png,2.2201
1407,01690.png,2.0230
1408,01691.png,1.3827
1409,01692.png,1.3484
1410,01693.png,1.3840
1411,01694.png,1.3724
1412,01696.png,2.3272
1413,01698.png,1.7490
1414,01699.png,1.4216
1415,01701.png,1.6372
1416,01703.png,1.7395
1417,01704.png,1.2122
1418,01705.png,1.2817
1419,01706.png,1.3532
1420,01707.png,1.2580
1421,01708.png,1.5780
1422,01710.png,1.6804
1423,01711.png,1.2337
1424,01712.png,1.3433
1425,01716.png,1.5149
1426,01721.png,1.6347
1427,01722.png,1.1550
1428,01723.png,1.5482
1429,01724.png,1.3104
1430,01725.png,1.3893
1431,01727.png,1.6264
1432,01729.png,1.4151
1433,01730.png,1.4270
1434,01731.png,1.4836
1435,01732.png,1.3941
1436,01733.png,1.5714
1437,01734.png,1.2204
1438,01735.png,1.3330
1439,01736.png,1.7611
1440,01737.png,1.8629
1441,01738.png,1.2012
1442,01740.png,1.2827
1443,01741.png,1.6870
1444,01742.png,1.5762
1445,01743.png,1.1968
1446,01745.png,1.2359
1447,01746.png,1.7351
1448,01747.png,1.3134
1449,01748.png,3.1494
1450,01749.png,2.1176
1451,01751.png,1.5596
1452,01753.png,1.9565
1453,01754.png,1.6624
1454,01755.png,1.4403
1455,01756.png,1.3225
1456,01757.png,1.9948
1457,01758.png,1.7353
1458,01759.png,1.3093
1459,01760.png,1.3833
1460,01761.png,1.4027
1461,01762.png,1.2730
1462,01763.png,1.2326
1463,01765.png,1.0886
1464,01766.png,1.6416
1465,01767.png,1.4913
1466,01768.png,1.3722
1467,01769.png,1.4439
1468,01770.png,1.3974
1469,01771.png,1.4231
1470,01772.png,1.2119
1471,01774.png,1.1682
1472,01775.png,1.3081
1473,01777.png,2.7616
1474,01778.png,1.5168
1475,01779.png,1.4450
1476,01780.png,1.5950
1477,01781.png,1.5614
1478,01782.png,1.4930
1479,01784.png,1.3444
1480,01785.png,1.4010
1481,01787.png,1.2413
1482,01788.png,1.3145
1483,01789.png,1.6924
1484,01790.png,1.4955
1485,01792.png,1.4151
1486,01793.png,1.4092
1487,01794.png,1.4383
1488,01795.png,1.5793
1489,01796.png,1.7705
1490,01798.png,1.3579
1491,01799.png,1.5162
1492,01800.png,1.6590
1493,01801.png,1.6775
1494,01802.png,1.6353
1495,01803.png,1.2818
1496,01805.png,2.8779
1497,01806.png,1.3769
1498,01807.png,1.3402
1499,01808.png,1.3120
1500,01809.png,1.5581
1501,01810.png,1.3201
1502,01811.png,1.5852
1503,01812.png,1.4411
1504,01813.png,1.2089
1505,01814.png,1.8751
1506,01816.png,1.4830
1507,01817.png,1.2827
1508,01818.png,2.1082
1509,01820.png,1.3130
1510,01821.png,1.4328
1511,01822.png,1.5660
1512,01823.png,2.8832
1513,01825.png,1.4311
1514,01826.png,1.4131
1515,01828.png,3.8534
1516,01829.png,1.5390
1517,01830.png,1.4146
1518,01831.png,1.1511
1519,01832.png,1.8478
1520,01833.png,1.6103
1521,01834.png,1.5089
1522,01835.png,1.1973
1523,01836.png,1.3338
1524,01837.png,4.4692
1525,01838.png,1.1638
1526,01839.png,2.7802
1527,01840.png,2.3837
1528,01841.png,2.0816
1529,01842.png,1.5836
1530,01843.png,3.0689
1531,01844.png,1.2656
1532,01846.png,1.3527
1533,01848.png,1.2652
1534,01849.png,1.2476
1535,01850.png,2.1587
1536,01851.png,2.2679
1537,01852.png,1.6739
1538,01853.png,1.6388
1539,01854.png,1.4374
1540,01855.png,1.3029
1541,01856.png,1.7266
1542,01857.png,1.8409
1543,01859.png,1.2014
1544,01860.png,1.3881
1545,01862.png,1.2687
1546,01863.png,1.4817
1547,01864.png,1.4037
1548,01865.png,1.7105
1549,01866.png,1.9334
1550,01867.png,1.4035
1551,01868.png,1.4540
1552,01869.png,3.2935
1553,01871.png,2.3091
1554,01872.png,1.6567
1555,01873.png,1.3099
1556,01874.png,1.4351
1557,01875.png,1.5324
1558,01876.png,1.4199
1559,01877.png,3.0347
1560,01878.png,4.0090
1561,01879.png,4.4780
1562,01880.png,3.2390
1563,01881.png,3.1385
1564,01882.png,3.0491
1565,01883.png,3.1337
1566,01884.png,2.6966
1567,01885.png,2.9385
1568,01886.png,2.9913
1569,01887.png,2.8519
1570,01888.png,3.5028
1571,01889.png,3.2689
1572,01890.png,3.0606
1573,01892.png,3.3703
1574,01893.png,2.9199
1575,01894.png,2.9233
1576,01895.png,3.1649
1577,01897.png,3.1520
1578,01898.png,3.6764
1579,01899.png,2.9805
1580,01903.png,3.6572
1581,01904.png,2.9275
1582,01905.png,3.2066
1583,01906.png,3.1666
1584,01908.png,2.9931
1585,01909.png,2.8549
1586,01910.png,3.2110
1587,01911.png,2.6984
1588,01912.png,1.9241
1589,01913.png,1.3849
1590,01914.png,2.1518
1591,01915.png,1.5463
1592,01916.png,1.5485
1593,01917.png,1.4046
1594,01918.png,1.6882
1595,01919.png,1.3412
1596,01920.png,2.6229
1597,01921.png,2.0504
1598,01922.png,2.4678
1599,01923.png,1.9892
1600,01924.png,1.9406
1601,01926.png,1.6728
1602,01928.png,3.2525
1603,01929.png,1.6791
1604,01930.png,1.5261
1605,01931.png,1.6015
1606,01932.png,1.5283
1607,01933.png,2.2071
1608,01934.png,1.3738
1609,01935.png,1.4753
1610,01936.png,1.3284
1611,01938.png,1.3008
1612,01939.png,1.3988
1613,01940.png,1.6820
1614,01941.png,1.5734
1615,01942.png,1.6955
1616,01945.png,1.4107
1617,01946.png,1.3773
1618,01947.png,1.4435
1619,01948.png,1.0876
1620,01950.png,1.3049
1621,01951.png,1.3623
1622,01952.png,1.1213
1623,01953.png,1.6001
1624,01954.png,1.3821
1625,01955.png,2.0382
1626,01956.png,1.2584
1627,01957.png,1.3715
1628,01958.png,2.0802
1629,01960.png,1.6449
1630,01961.png,1.4097
1631,01962.png,1.2404
1632,01964.png,1.2240
1633,01965.png,1.2575
1634,01966.png,1.1408
1635,01967.png,1.6263
1636,01968.png,1.3759
1637,01969.png,1.5314
1638,01970.png,1.4023
1639,01971.png,1.4534
1640,01972.png,1.2950
1641,01973.png,1.2757
1642,01974.png,1.4628
1643,01975.png,1.3340
1644,01977.png,1.4426
1645,01979.png,1.1256
1646,01981.png,1.1709
1647,01983.png,1.3802
1648,01985.png,1.4290
1649,01986.png,1.3098
1650,01987.png,1.3680
1651,01988.png,1.2263
1652,01989.png,1.4713
1653,01990.png,1.6024
1654,01991.png,1.1619
1655,01992.png,1.8156
1656,01995.png,1.4924
1657,01996.png,1.3969
1658,01997.png,1.2434
1659,01998.png,1.1308
1660,01999.png,1.6031
1661,02000.png,1.3147
1662,02001.png,1.1128
1663,02002.png,1.2767
1664,02004.png,1.5211
1665,02006.png,1.2620
1666,02007.png,1.2786
1667,02008.png,1.1768
1668,02009.png,1.5133
1669,02010.png,1.6257
1670,02011.png,1.2459
1671,02012.png,1.4283
1672,02014.png,1.5636
1673,02015.png,1.4321
1674,02016.png,1.3317
1675,02017.png,1.2110
1676,02018.png,1.4169
1677,02019.png,1.2159
1678,02020.png,1.2371
1679,02021.png,1.5988
1680,02022.png,3.5142
1681,02023.png,1.4069
1682,02024.png,2.4963
1683,02025.png,1.2801
1684,02026.png,1.3327
1685,02027.png,1.4631
1686,02028.png,1.2273
1687,02029.png,1.4632
1688,02031.png,1.7178
1689,02032.png,1.7002
1690,02033.png,1.7056
1691,02034.png,1.5598
1692,02035.png,1.5362
1693,02037.png,1.1921
1694,02038.png,1.3129
1695,02039.png,1.8988
1696,02040.png,1.4807
1697,02041.png,1.2947
1698,02042.png,1.3819
1699,02043.png,2.1948
1700,02044.png,1.3865
1701,02045.png,1.3708
1702,02046.png,1.4549
1703,02047.png,1.4344
1704,02048.png,1.4985
1705,02049.png,1.2844
1706,02050.png,1.3408
1707,02051.png,1.5976
1708,02052.png,1.3929
1709,02053.png,1.2792
1710,02054.png,1.2008
1711,02055.png,1.3640
1712,02057.png,1.6819
1713,02058.png,1.3943
1714,02059.png,1.3456
1715,02060.png,1.3880
1716,02061.png,1.4637
1717,02062.png,1.3880
1718,02063.png,1.3636
1719,02064.png,1.2931
1720,02065.png,1.6049
1721,02067.png,1.1987
1722,02068.png,1.0711
1723,02069.png,1.4766
1724,02071.png,1.6855
1725,02073.png,1.2820
1726,02074.png,1.2954
1727,02075.png,1.5594
1728,02076.png,1.4191
1729,02077.png,1.3649
1730,02078.png,1.2817
1731,02079.png,1.2352
1732,02080.png,1.6157
1733,02081.png,1.1722
1734,02082.png,1.3015
1735,02083.png,1.7188
1736,02086.png,1.4564
1737,02087.png,1.1499
1738,02088.png,1.3157
1739,02089.png,1.1331
1740,02091.png,1.4410
1741,02092.png,1.2906
1742,02094.png,1.3571
1743,02095.png,1.4632
1744,02096.png,1.5311
1745,02097.png,1.4495
1746,02098.png,1.5406
1747,02099.png,1.4511
1748,02100.png,1.9650
1749,02102.png,2.1920
1750,02103.png,2.0593
1751,02104.png,1.4867
1752,02106.png,2.2103
1753,02107.png,1.1662
1754,02108.png,1.4699
1755,02110.png,1.3442
1756,02111.png,1.3807
1757,02112.png,1.2603
1758,02113.png,1.4255
1759,02114.png,1.1501
1760,02115.png,1.5347
1761,02117.png,1.1847
1762,02118.png,1.2257
1763,02119.png,1.1220
1764,02120.png,2.8217
1765,02121.png,1.5861
1766,02123.png,1.7553
1767,02125.png,1.8618
1768,02127.png,1.3331
1769,02128.png,1.3860
1770,02129.png,1.5960
1771,02130.png,1.8568
1772,02131.png,1.5358
1773,02132.png,1.5249
1774,02133.png,1.3919
1775,02134.png,1.8946
1776,02135.png,1.3461
1777,02136.png,1.2923
1778,02138.png,3.0152
1779,02139.png,1.5443
1780,02140.png,1.3814
1781,02141.png,1.1730
1782,02142.png,2.7012
1783,02144.png,1.2988
1784,02145.png,1.4605
1785,02146.png,2.2321
1786,02147.png,1.5290
1787,02148.png,1.2395
1788,02149.png,1.8094
1789,02151.png,1.2718
1790,02153.png,1.3143
1791,02154.png,1.2792
1792,02155.png,1.6843
1793,02157.png,2.1779
1794,02158.png,1.1416
1795,02159.png,1.6454
1796,02160.png,1.5326
1797,02161.png,2.0680
1798,02162.png,1.1440
1799,02163.png,1.2589
1800,02164.png,1.7447
1801,02165.png,4.8694
1802,02166.png,1.5944
1803,02167.png,1.2781
1804,02168.png,1.2828
1805,02169.png,1.1862
1806,02170.png,1.3905
1807,02171.png,1.1383
1808,02172.png,1.3930
1809,02174.png,1.3002
1810,02175.png,2.9691
1811,02176.png,1.5820
1812,02177.png,1.8203
1813,02178.png,1.2229
1814,02179.png,1.3656
1815,02180.png,1.3602
1816,02182.png,1.2624
1817,02183.png,1.1714
1818,02184.png,1.6602
1819,02185.png,1.6268
1820,02186.png,1.6454
1821,02187.png,1.1574
1822,02189.png,1.1398
1823,02190.png,1.4434
1824,02191.png,1.4678
1825,02192.png,1.2840
1826,02194.png,1.3953
1827,02195.png,1.5869
1828,02196.png,1.4377
1829,02198.png,1.2645
1830,02199.png,1.2646
1831,02200.png,1.3083
1832,02201.png,1.6248
1833,02202.png,1.1923
1834,02204.png,1.5941
1835,02205.png,2.6459
1836,02206.png,1.4042
1837,02207.png,1.5889
1838,02208.png,1.4447
1839,02210.png,1.2848
1840,02211.png,2.0820
1841,02212.png,1.7547
1842,02214.png,1.6597
1843,02215.png,1.2845
1844,02217.png,1.3298
1845,02219.png,1.1113
1846,02220.png,1.2172
1847,02221.png,1.1347
1848,02222.png,1.2115
1849,02223.png,1.3006
1850,02224.png,1.6222
1851,02225.png,1.4254
1852,02226.png,2.4716
1853,02227.png,3.0831
1854,02229.png,1.4291
1855,02230.png,1.8699
1856,02231.png,1.2267
1857,02232.png,1.3970
1858,02234.png,1.5277
1859,02235.png,1.9359
1860,02237.png,1.8334
1861,02239.png,1.7495
1862,02240.png,1.2399
1863,02241.png,2.9282
1864,02242.png,1.9257
1865,02243.png,1.4754
1866,02244.png,1.6403
1867,02245.png,1.8263
1868,02246.png,2.4236
1869,02247.png,1.7220
1870,02248.png,1.4429
1871,02249.png,1.4050
1872,02250.png,1.2807
1873,02251.png,4.3441
1874,02252.png,2.7175
1875,02254.png,1.9871
1876,02255.png,3.3888
1877,02256.png,4.7980
1878,02257.png,3.4030
1879,02258.png,2.8238
1880,02261.png,3.8677
1881,02264.png,2.8692
1882,02265.png,3.3623
1883,02266.png,3.0624
1884,02267.png,2.3836
1885,02268.png,3.0082
1886,02269.png,2.8051
1887,02270.png,3.3124
1888,02271.png,3.0110
1889,02272.png,2.5776
1890,02273.png,2.9698
1891,02274.png,3.0753
1892,02275.png,2.5112
1893,02276.png,3.8054
1894,02278.png,1.7491
1895,02279.png,2.8687
1896,02280.png,3.1735
1897,02281.png,2.4068
1898,02282.png,1.3085
1899,02283.png,1.8719
1900,02284.png,2.8924
1901,02285.png,3.1023
1902,02287.png,2.9938
1903,02289.png,3.1741
1904,02290.png,3.4759
1905,02291.png,1.5407
1906,02294.png,2.3059
1907,02295.png,1.8460
1908,02296.png,1.2257
1909,02297.png,2.0200
1910,02298.png,1.4476
1911,02299.png,2.0028
1912,02301.png,1.5395
1913,02302.png,1.6456
1914,02303.png,1.8589
1915,02304.png,1.5381
1916,02305.png,1.5937
1917,02306.png,1.2978
1918,02307.png,1.3671
1919,02308.png,2.5000
1920,02309.png,1.4649
1921,02310.png,1.1091
1922,02311.png,1.5280
1923,02312.png,1.2372
1924,02313.png,1.3940
1925,02314.png,1.4044
1926,02315.png,4.8279
1927,02316.png,1.3772
1928,02317.png,1.3709
1929,02318.png,2.2939
1930,02319.png,2.8221
1931,02320.png,1.4626
1932,02321.png,2.7318
1933,02322.png,1.2321
1934,02323.png,1.9281
1935,02324.png,1.4994
1936,02325.png,1.3730
1937,02326.png,1.1949
1938,02327.png,1.2695
1939,02329.png,1.3292
1940,02330.png,1.3727
1941,02331.png,1.3032
1942,02333.png,2.0334
1943,02334.png,1.5000
1944,02335.png,1.1387
1945,02336.png,1.1263
1946,02337.png,1.3398
1947,02338.png,1.4230
1948,02339.png,1.6091
1949,02340.png,1.4947
1950,02341.png,1.5092
1951,02342.png,1.4027
1952,02343.png,1.3252
1953,02344.png,1.3352
1954,02346.png,1.6639
1955,02347.png,1.6355
1956,02348.png,2.3130
1957,02349.png,1.3847
1958,02350.png,1.8063
1959,02351.png,2.5518
1960,02352.png,1.9682
1961,02353.png,1.1033
1962,02355.png,1.5618
1963,02356.png,1.2872
1964,02358.png,1.5833
1965,02362.png,1.1431
1966,02364.png,1.4061
1967,02365.png,1.4908
1968,02366.png,1.2963
1969,02367.png,1.3085
1970,02368.png,1.3759
1971,02369.png,1.2176
1972,02370.png,1.4460
1973,02371.png,2.8331
1974,02372.png,2.7639
1975,02373.png,1.5604
1976,02374.png,1.1781
1977,02375.png,1.2144
1978,02376.png,4.7515
1979,02377.png,2.4189
1980,02378.png,1.3850
1981,02379.png,4.7308
1982,02382.png,5.2090
1983,02383.png,3.3514
1984,02384.png,4.6511
1985,02386.png,4.6645
1986,02387.png,4.6698
1987,02390.png,3.2475
1988,02391.png,3.5681
1989,02393.png,2.9136
1990,02394.png,3.7845
1991,02395.png,2.6074
1992,02396.png,3.3367
1993,02397.png,2.7166
1994,02398.png,3.0671
1995,02399.png,3.1745
1996,02400.png,2.8612
1997,02401.png,2.7451
1998,02402.png,3.1466
1999,02404.png,3.3065
2000,02405.png,3.3235
2001,02406.png,3.0063
2002,02408.png,3.6865
2003,02409.png,3.8821
2004,02410.png,1.4149
2005,02411.png,1.4375
2006,02412.png,1.3992
2007,02413.png,1.3882
2008,02414.png,3.1374
2009,02415.png,1.6396
2010,02416.png,1.4315
2011,02417.png,1.2206
2012,02418.png,1.3473
2013,02420.png,2.5725
2014,02421.png,1.9344
2015,02423.png,1.3421
2016,02425.png,1.1563
2017,02427.png,2.1095
2018,02428.png,3.2017
2019,02429.png,1.6931
2020,02430.png,1.3089
2021,02431.png,1.3585
2022,02432.png,1.6093
2023,02433.png,1.6010
2024,02434.png,1.4568
2025,02436.png,1.5260
2026,02437.png,1.6617
2027,02438.png,1.5137
2028,02439.png,1.4912
2029,02441.png,1.5145
2030,02443.png,1.5929
2031,02444.png,1.3692
2032,02445.png,1.5448
2033,02448.png,1.5213
2034,02449.png,1.4730
2035,02451.png,1.8862
2036,02452.png,1.4758
2037,02453.png,1.5297
2038,02454.png,1.5117
2039,02455.png,1.3204
2040,02456.png,1.2757
2041,02457.png,1.4400
2042,02458.png,1.6458
2043,02459.png,1.2885
2044,02461.png,1.1556
2045,02463.png,1.3648
2046,02464.png,1.9362
2047,02465.png,1.7109
2048,02466.png,1.4198
2049,02467.png,1.5983
2050,02468.png,3.9834
2051,02469.png,1.9076
2052,02471.png,1.5296
2053,02472.png,1.3516
2054,02473.png,1.3413
2055,02474.png,1.6040
2056,02475.png,1.2526
2057,02477.png,1.3715
2058,02478.png,1.4094
2059,02482.png,1.6899
2060,02483.png,1.5863
2061,02484.png,1.1183
2062,02485.png,1.8068
2063,02486.png,1.3248
2064,02487.png,1.6676
2065,02488.png,1.3129
2066,02489.png,1.7978
2067,02490.png,2.8519
2068,02491.png,1.7136
2069,02492.png,1.3829
2070,02493.png,1.6595
2071,02494.png,1.3820
2072,02495.png,1.8216
2073,02496.png,1.2947
2074,02497.png,2.7764
2075,02498.png,1.6519
2076,02499.png,1.4218
2077,02501.png,1.4205
2078,02503.png,1.4243
2079,02504.png,1.3293
2080,02506.png,3.3969
2081,02507.png,1.6012
2082,02508.png,2.0960
2083,02509.png,1.2928
2084,02510.png,1.1441
2085,02511.png,1.1651
2086,02512.png,1.2185
2087,02513.png,1.5192
2088,02514.png,1.1313
2089,02516.png,1.1176
2090,02517.png,1.5458
2091,02518.png,1.4482
2092,02519.png,1.2832
2093,02520.png,1.3390
2094,02521.png,1.4070
2095,02522.png,1.2322
2096,02523.png,1.5236
2097,02525.png,2.1966
2098,02526.png,1.7267
2099,02527.png,1.4456
2100,02528.png,1.3968
2101,02529.png,2.2166
2102,02531.png,3.1094
2103,02533.png,1.7532
2104,02534.png,1.2947
2105,02535.png,1.1086
2106,02536.png,2.4816
2107,02538.png,2.6842
2108,02539.png,2.2796
2109,02540.png,1.8956
2110,02541.png,1.4193
2111,02543.png,2.6938
2112,02544.png,2.3563
2113,02545.png,2.2416
2114,02546.png,1.6180
2115,02547.png,1.2351
2116,02548.png,1.2561
2117,02549.png,1.4375
2118,02550.png,1.6576
2119,02551.png,1.2808
2120,02553.png,2.5930
2121,02554.png,1.3018
2122,02555.png,1.4820
2123,02556.png,1.3846
2124,02557.png,1.6420
2125,02558.png,2.0677
2126,02560.png,1.4026
2127,02561.png,1.0901
2128,02562.png,1.2673
2129,02564.png,1.2778
2130,02565.png,1.3935
2131,02566.png,1.4025
2132,02567.png,1.6406
2133,02568.png,1.6033
2134,02569.png,2.0578
2135,02572.png,1.1141
2136,02573.png,1.9218
2137,02574.png,1.3787
2138,02575.png,1.5538
2139,02576.png,1.8265
2140,02577.png,1.2265
2141,02578.png,1.3173
2142,02579.png,1.3091
2143,02580.png,1.4006
2144,02581.png,1.2094
2145,02582.png,1.1656
2146,02583.png,1.5074
2147,02584.png,1.2274
2148,02585.png,1.4851
2149,02586.png,1.6733
2150,02587.png,4.2626
2151,02588.png,1.6312
2152,02590.png,1.2500
2153,02591.png,1.6107
2154,02592.png,1.2240
2155,02593.png,1.4526
2156,02594.png,3.1644
2157,02595.png,1.5809
2158,02596.png,1.7838
2159,02597.png,1.3536
2160,02598.png,1.5198
2161,02601.png,2.2106
2162,02602.png,2.4966
2163,02603.png,2.2012
2164,02604.png,1.7873
2165,02605.png,1.4409
2166,02606.png,1.5760
2167,02607.png,2.0636
2168,02608.png,1.4804
2169,02609.png,1.6133
2170,02610.png,1.9495
2171,02611.png,1.3703
2172,02612.png,1.2801
2173,02613.png,2.3231
2174,02614.png,1.5448
2175,02615.png,1.3641
2176,02616.png,2.8732
2177,02617.png,1.3868
2178,02618.png,1.3575
2179,02620.png,2.8646
2180,02621.png,1.5011
2181,02622.png,1.3708
2182,02623.png,1.4420
2183,02624.png,2.2330
2184,02625.png,2.1313
2185,02626.png,4.6041
2186,02627.png,4.6724
2187,02628.png,3.2296
2188,02629.png,2.3764
2189,02630.png,2.7308
2190,02631.png,3.6988
2191,02632.png,3.4326
2192,02634.png,3.7620
2193,02635.png,1.6114
2194,02636.png,3.4066
2195,02637.png,3.0241
2196,02638.png,2.9181
2197,02639.png,2.8771
2198,02640.png,3.2160
2199,02642.png,4.1077
2200,02643.png,2.8557
2201,02645.png,2.7074
2202,02646.png,3.3144
2203,02650.png,2.8420
2204,02651.png,2.5945
2205,02652.png,3.1944
2206,02653.png,3.5868
2207,02654.png,3.5818
2208,02656.png,3.6077
2209,02657.png,3.8747
2210,02658.png,3.7427
2211,02659.png,3.4102
2212,02661.png,2.2838
2213,02662.png,1.5722
2214,02663.png,1.8167
2215,02664.png,2.4151
2216,02665.png,2.9257
2217,02666.png,1.7859
2218,02667.png,1.4314
2219,02669.png,1.6444
2220,02671.png,1.6854
2221,02672.png,1.4259
2222,02673.png,1.4986
2223,02674.png,1.2899
2224,02675.png,1.4271
2225,02676.png,1.4598
2226,02678.png,1.6254
2227,02679.png,1.4652
2228,02680.png,1.4430
2229,02681.png,1.4744
2230,02683.png,1.2491
2231,02684.png,1.2220
2232,02685.png,1.4867
2233,02686.png,1.7346
2234,02687.png,1.5143
2235,02688.png,1.3009
2236,02689.png,1.2697
2237,02690.png,1.5934
2238,02692.png,1.7385
2239,02693.png,1.2179
2240,02694.png,1.3783
2241,02695.png,2.8104
2242,02697.png,1.4974
2243,02698.png,1.4080
2244,02699.png,2.5209
2245,02700.png,2.8889
2246,02701.png,2.0080
2247,02702.png,2.6148
2248,02703.png,3.9849
2249,02704.png,1.2182
2250,02705.png,2.0325
2251,02706.png,1.4043
2252,02707.png,1.6871
2253,02709.png,1.4556
2254,02710.png,2.0042
2255,02712.png,3.9587
2256,02713.png,1.9182
2257,02714.png,1.4511
2258,02715.png,4.3423
2259,02716.png,3.7137
2260,02719.png,2.0678
2261,02720.png,1.3451
2262,02721.png,1.2799
2263,02722.png,1.6019
2264,02723.png,1.2394
2265,02724.png,1.5042
2266,02725.png,1.3013
2267,02727.png,1.1695
2268,02728.png,1.3312
2269,02729.png,1.1969
2270,02730.png,1.9026
2271,02731.png,1.5931
2272,02733.png,1.3049
2273,02734.png,1.2856
2274,02735.png,1.3928
2275,02736.png,1.3593
2276,02737.png,1.2951
2277,02738.png,1.4935
2278,02739.png,1.4397
2279,02741.png,1.8022
2280,02742.png,2.1072
2281,02743.png,1.3515
2282,02744.png,1.5032
2283,02745.png,1.4434
2284,02746.png,1.5775
2285,02747.png,1.6999
2286,02748.png,2.5300
2287,02749.png,1.4206
2288,02750.png,1.3665
2289,02751.png,3.1849
2290,02752.png,1.3381
2291,02753.png,1.3690
2292,02754.png,1.3465
2293,02755.png,1.4076
2294,02756.png,1.5665
2295,02757.png,1.1453
2296,02758.png,1.2862
2297,02759.png,1.3534
2298,02762.png,1.7498
2299,02763.png,1.9269
2300,02764.png,1.2660
2301,02766.png,2.2498
2302,02767.png,1.4058
2303,02768.png,1.7517
2304,02769.png,1.6561
2305,02770.png,1.4444
2306,02771.png,1.3722
2307,02772.png,1.2925
2308,02774.png,1.9682
2309,02776.png,1.6050
2310,02777.png,1.9712
2311,02778.png,1.3565
2312,02779.png,1.3665
2313,02780.png,1.4686
2314,02781.png,1.7828
2315,02782.png,1.3860
2316,02783.png,1.5388
2317,02784.png,1.3346
2318,02785.png,1.3862
2319,02786.png,1.4024
2320,02788.png,1.2529
2321,02789.png,1.3056
2322,02791.png,1.4967
2323,02792.png,1.4079
2324,02793.png,3.0100
2325,02794.png,1.4160
2326,02796.png,1.3023
2327,02798.png,2.5223
2328,02799.png,1.2979
2329,02800.png,1.1203
2330,02801.png,1.8369
2331,02802.png,1.4801
2332,02803.png,1.1726
2333,02804.png,1.2412
2334,02805.png,2.1185
2335,02807.png,1.4262
2336,02808.png,1.4854
2337,02809.png,1.6466
2338,02810.png,1.9486
2339,02811.png,1.3682
2340,02812.png,1.4742
2341,02814.png,1.6041
2342,02815.png,1.8535
2343,02816.png,1.4637
2344,02817.png,1.3382
2345,02819.png,1.3560
2346,02820.png,1.7950
2347,02821.png,2.5591
2348,02822.png,1.8225
2349,02823.png,2.5168
2350,02824.png,1.8862
2351,02825.png,1.4071
2352,02826.png,3.1133
2353,02827.png,1.9988
2354,02828.png,1.7992
2355,02829.png,1.8036
2356,02830.png,1.7219
2357,02831.png,1.1970
2358,02832.png,1.9601
2359,02833.png,2.2653
2360,02835.png,1.5589
2361,02836.png,1.2791
2362,02839.png,1.5415
2363,02840.png,2.4349
2364,02841.png,1.4062
2365,02843.png,1.4513
2366,02844.png,1.3202
2367,02845.png,1.3208
2368,02847.png,2.8843
2369,02848.png,2.5048
2370,02849.png,1.6718
2371,02850.png,4.4512
2372,02853.png,1.7796
2373,02854.png,1.3220
2374,02855.png,1.7824
2375,02856.png,1.6602
2376,02857.png,1.4081
2377,02858.png,2.1722
2378,02859.png,1.4773
2379,02860.png,1.9516
2380,02861.png,1.3049
2381,02862.png,1.5961
2382,02865.png,1.6553
2383,02866.png,1.5923
2384,02867.png,1.5531
2385,02868.png,1.7182
2386,02869.png,1.5825
2387,02870.png,1.5930
2388,02871.png,1.7911
2389,02872.png,1.5763
2390,02873.png,1.3398
2391,02874.png,1.4000
2392,02875.png,1.2405
2393,02876.png,1.2227
2394,02877.png,1.2274
2395,02878.png,2.2068
2396,02879.png,2.0323
2397,02880.png,1.6778
2398,02881.png,1.9919
2399,02882.png,1.5100
2400,02883.png,1.4299
2401,02885.png,1.8427
2402,02887.png,1.4957
2403,02888.png,1.4912
2404,02890.png,1.4179
2405,02891.png,1.4609
2406,02892.png,1.7771
2407,02893.png,1.2461
2408,02894.png,3.6215
2409,02895.png,1.5345
2410,02896.png,1.4142
2411,02898.png,1.2356
2412,02899.png,1.2152
2413,02900.png,1.3015
2414,02901.png,1.3265
2415,02902.png,1.8941
2416,02903.png,1.4000
2417,02904.png,1.8082
2418,02905.png,1.5377
2419,02906.png,1.3341
2420,02907.png,1.3310
2421,02908.png,4.2502
2422,02909.png,4.2085
2423,02910.png,1.7297
2424,02911.png,1.1785
2425,02913.png,1.3705
2426,02914.png,1.6267
2427,02915.png,1.6163
2428,02916.png,1.6578
2429,02917.png,2.9139
2430,02919.png,2.8249
2431,02920.png,3.1084
2432,02922.png,2.5577
2433,02924.png,2.7269
2434,02925.png,2.8134
2435,02927.png,2.5851
2436,02928.png,2.4192
2437,02930.png,2.1745
2438,02931.png,2.5632
2439,02932.png,2.6100
2440,02934.png,2.8173
2441,02935.png,2.8943
2442,02936.png,3.1132
2443,02937.png,1.6041
2444,02938.png,2.7949
2445,02939.png,2.8908
2446,02940.png,3.0685
2447,02941.png,1.7279
2448,02942.png,2.5259
2449,02943.png,4.5052
2450,02944.png,4.4205
2451,02945.png,2.9904
2452,02946.png,2.8040
2453,02947.png,2.9909
2454,02948.png,3.0304
2455,02949.png,1.4115
2456,02950.png,1.5356
2457,02951.png,1.2682
2458,02952.png,1.5096
2459,02953.png,1.5567
2460,02955.png,1.2131
2461,02957.png,1.4923
2462,02958.png,1.2577
2463,02959.png,3.2696
2464,02960.png,1.4577
2465,02961.png,1.7230
2466,02962.png,2.0178
2467,02963.png,2.0760
2468,02964.png,1.7909
2469,02965.png,1.5935
2470,02967.png,1.3403
2471,02968.png,2.5995
2472,02969.png,1.2953
2473,02970.png,1.1472
2474,02971.png,2.1796
2475,02972.png,1.6363
2476,02974.png,1.5180
2477,02975.png,1.6675
2478,02976.png,1.6078
2479,02977.png,1.9111
2480,02978.png,1.7258
2481,02979.png,1.7711
2482,02980.png,2.1486
2483,02981.png,3.5019
2484,02982.png,1.7172
2485,02983.png,1.4453
2486,02984.png,1.4398
2487,02985.png,1.7650
2488,02986.png,1.5701
2489,02988.png,1.3007
2490,02990.png,3.0229
2491,02991.png,3.2859
2492,02992.png,3.8742
2493,02994.png,2.6451
2494,02995.png,1.3327
2495,02996.png,1.0956
2496,02997.png,3.3823
2497,02998.png,1.9647
2498,02999.png,4.4685
2499,03001.png,1.9158
2500,03002.png,1.7684
2501,03003.png,1.6067
2502,03005.png,1.3210
2503,03006.png,2.7496
2504,03007.png,1.6339
2505,03008.png,1.5592
2506,03009.png,1.5056
2507,03010.png,1.4996
2508,03011.png,1.4696
2509,03012.png,1.6337
2510,03013.png,1.4414
2511,03014.png,2.4499
2512,03016.png,1.6894
2513,03018.png,1.3300
2514,03019.png,1.8709
2515,03020.png,2.0513
2516,03022.png,1.3069
2517,03023.png,2.6509
2518,03024.png,1.3655
2519,03026.png,1.4867
2520,03027.png,1.2335
2521,03028.png,1.2983
2522,03029.png,1.3289
2523,03030.png,1.0475
2524,03031.png,1.5035
2525,03032.png,1.4279
2526,03033.png,1.2350
2527,03034.png,1.2687
2528,03035.png,1.4497
2529,03036.png,1.2959
2530,03037.png,1.0720
2531,03038.png,1.3416
2532,03040.png,1.6376
2533,03041.png,1.5326
2534,03042.png,1.5676
2535,03045.png,1.2254
2536,03046.png,1.2983
2537,03047.png,1.8515
2538,03051.png,1.3632
2539,03052.png,1.3062
2540,03053.png,1.3262
2541,03054.png,1.6004
2542,03056.png,1.4159
2543,03057.png,1.3452
2544,03058.png,1.6068
2545,03059.png,1.4838
2546,03060.png,1.4947
2547,03061.png,3.4901
2548,03062.png,1.2798
2549,03063.png,1.8158
2550,03064.png,1.5064
2551,03065.png,1.2297
2552,03066.png,1.3551
2553,03067.png,1.7785
2554,03069.png,1.3647
2555,03070.png,1.3624
2556,03071.png,4.8121
2557,03072.png,1.7980
2558,03074.png,1.3831
2559,03075.png,1.5525
2560,03076.png,1.8252
2561,03077.png,1.6542
2562,03078.png,1.2973
2563,03079.png,1.1398
2564,03080.png,1.6828
2565,03081.png,1.5694
2566,03082.png,1.6352
2567,03083.png,1.5710
2568,03084.png,1.8907
2569,03086.png,1.2830
2570,03087.png,1.2303
2571,03088.png,1.4102
2572,03090.png,1.3416
2573,03091.png,1.5910
2574,03092.png,1.7168
2575,03093.png,1.4619
2576,03094.png,1.8183
2577,03095.png,1.3812
2578,03097.png,2.1966
2579,03098.png,2.9379
2580,03099.png,1.6011
2581,03100.png,1.3723
2582,03101.png,1.2270
2583,03102.png,1.4388
2584,03103.png,1.5077
2585,03104.png,1.2703
2586,03105.png,1.9156
2587,03107.png,1.4110
2588,03108.png,3.7455
2589,03109.png,10.2007
2590,03110.png,2.1808
2591,03111.png,1.7101
2592,03115.png,5.2361
2593,03116.png,2.8529
2594,03117.png,1.7067
2595,03118.png,2.2385
2596,03119.png,3.0542
2597,03120.png,1.5618
2598,03121.png,9.2054
2599,03122.png,6.5784
2600,03123.png,3.6343
2601,03125.png,3.4002
2602,03126.png,3.5421
2603,03127.png,4.7811
2604,03129.png,3.4230
2605,03130.png,3.3050
2606,03131.png,4.0654
2607,03132.png,3.1056
2608,03133.png,4.0428
2609,03134.png,3.4845
2610,03135.png,2.6918
2611,03136.png,3.3568
2612,03137.png,3.7202
2613,03138.png,2.9482
2614,03140.png,3.7088
2615,03141.png,3.3497
2616,03142.png,3.5457
2617,03143.png,3.3146
2618,03144.png,2.9297
2619,03145.png,3.3116
2620,03146.png,3.2312
2621,03147.png,2.9187
2622,03148.png,2.8866
2623,03149.png,2.5448
2624,03150.png,4.1888
2625,03151.png,1.5613
2626,03152.png,2.7095
2627,03153.png,1.3755
2628,03154.png,1.3808
2629,03155.png,1.4624
2630,03156.png,1.4278
2631,03159.png,1.1380
2632,03160.png,1.2999
2633,03162.png,1.4013
2634,03163.png,3.5637
2635,03164.png,1.7474
2636,03165.png,1.3837
2637,03166.png,1.9746
2638,03167.png,1.2674
2639,03168.png,3.1531
2640,03169.png,1.8987
2641,03171.png,3.2436
2642,03172.png,1.5593
2643,03173.png,1.2904
2644,03174.png,2.0500
2645,03175.png,1.3022
2646,03176.png,1.0990
2647,03178.png,1.4127
2648,03179.png,1.3454
2649,03180.png,1.4762
2650,03182.png,1.3117
2651,03183.png,3.0215
2652,03184.png,1.7428
2653,03185.png,1.1892
2654,03186.png,2.4712
2655,03188.png,1.6326
2656,03189.png,1.4491
2657,03190.png,1.3638
2658,03191.png,3.1860
2659,03192.png,3.9745
2660,03193.png,1.5813
2661,03194.png,1.6212
2662,03196.png,1.2258
2663,03197.png,1.4922
2664,03198.png,1.5835
2665,03199.png,1.5315
2666,03200.png,1.4254
2667,03201.png,2.6256
2668,03202.png,1.7883
2669,03203.png,1.4417
2670,03204.png,1.4782
2671,03205.png,1.4309
2672,03206.png,4.0088
2673,03208.png,2.9479
2674,03209.png,3.2109
2675,03210.png,1.2939
2676,03211.png,3.0695
2677,03212.png,2.9528
2678,03213.png,3.6647
2679,03214.png,3.1239
2680,03215.png,2.9139
2681,03217.png,4.4949
2682,03218.png,3.3788
2683,03220.png,3.3627
2684,03223.png,3.1204
2685,03226.png,3.4566
2686,03227.png,3.3305
2687,03228.png,2.9404
2688,03229.png,2.6539
2689,03233.png,2.9841
2690,03234.png,1.4934
2691,03235.png,3.4171
2692,03236.png,3.2852
2693,03237.png,2.9838
2694,03239.png,2.8334
2695,03240.png,3.6614
2696,03241.png,3.4387
2697,03242.png,3.0695
2698,03243.png,3.1629
2699,03244.png,3.9547
2700,03245.png,3.0732
2701,03246.png,3.0657
2702,03247.png,2.9589
2703,03248.png,2.3655
2704,03250.png,4.6639
2705,03251.png,2.7837
2706,03252.png,3.0099
2707,03253.png,1.5308
2708,03254.png,3.2283
2709,03255.png,1.6928
2710,03257.png,2.8861
2711,03258.png,3.3524
2712,03259.png,2.5639
2713,03261.png,2.8190
2714,03262.png,1.5311
2715,03263.png,3.6102
2716,03264.png,2.0025
2717,03265.png,2.7118
2718,03266.png,3.0296
2719,03268.png,1.4268
2720,03269.png,1.6581
2721,03272.png,3.1316
2722,03274.png,2.3666
2723,03275.png,3.8185
2724,03276.png,2.2197
2725,03277.png,1.9278
2726,03278.png,4.9631
2727,03279.png,2.3868
2728,03280.png,3.6714
2729,03281.png,3.3099
2730,03282.png,2.0447
2731,03283.png,4.0847
2732,03284.png,2.9328
2733,03285.png,3.5250
2734,03286.png,3.0685
2735,03287.png,3.0068
2736,03289.png,2.9743
2737,03291.png,2.9659
2738,03293.png,3.5637
2739,03294.png,2.8130
2740,03295.png,3.0578
2741,03296.png,2.9390
2742,03297.png,2.6954
2743,03298.png,3.0741
2744,03299.png,3.0062
2745,03300.png,2.7285
2746,03302.png,3.1084
2747,03304.png,3.1414
2748,03305.png,3.2653
2749,03306.png,3.3199
2750,03307.png,2.8632
2751,03308.png,3.1082
2752,03309.png,3.1054
2753,03310.png,3.0646
2754,03311.png,3.1600
2755,03312.png,3.2073
2756,03313.png,3.6450
2757,03316.png,2.6832
2758,03317.png,3.2350
2759,03318.png,4.9849
2760,03320.png,2.4456
2761,03321.png,1.3641
2762,03322.png,1.6274
2763,03323.png,1.5506
2764,03324.png,1.3010
2765,03325.png,2.0214
2766,03326.png,1.4008
2767,03327.png,1.4900
2768,03328.png,1.4687
2769,03329.png,1.5388
2770,03330.png,1.2301
2771,03331.png,1.3583
2772,03332.png,2.2375
2773,03334.png,1.2425
2774,03335.png,1.2810
2775,03336.png,1.3982
2776,03337.png,1.4220
2777,03338.png,1.4242
2778,03339.png,1.2283
2779,03340.png,1.3389
2780,03341.png,1.4230
2781,03342.png,1.3869
2782,03343.png,1.3266
2783,03344.png,2.2161
2784,03345.png,1.9122
2785,03346.png,1.3836
2786,03347.png,1.1796
2787,03348.png,1.5944
2788,03350.png,1.5193
2789,03351.png,1.1437
2790,03352.png,1.5899
2791,03353.png,1.1971
2792,03354.png,1.4527
2793,03355.png,1.2025
2794,03356.png,2.0390
2795,03357.png,1.5318
2796,03358.png,1.4624
2797,03359.png,1.7511
2798,03360.png,1.3669
2799,03362.png,1.1854
2800,03363.png,1.2238
2801,03365.png,1.1278
2802,03366.png,1.2964
2803,03367.png,1.3277
2804,03368.png,1.1741
2805,03369.png,1.5581
2806,03370.png,1.2020
2807,03371.png,1.3491
2808,03372.png,1.2819
2809,03374.png,1.1827
2810,03375.png,1.5333
2811,03376.png,1.2812
2812,03377.png,1.3497
2813,03378.png,1.5255
2814,03379.png,1.5464
2815,03380.png,1.2179
2816,03382.png,1.7529
2817,03384.png,1.3545
2818,03385.png,1.3916
2819,03388.png,1.2483
2820,03389.png,1.3070
2821,03390.png,1.2587
2822,03392.png,1.3972
2823,03393.png,1.4160
2824,03394.png,1.4816
2825,03395.png,1.4662
2826,03396.png,1.4180
2827,03397.png,3.9921
2828,03398.png,1.6669
2829,03399.png,1.2405
2830,03400.png,1.2689
2831,03401.png,1.3580
2832,03402.png,1.3988
2833,03403.png,1.8333
2834,03404.png,1.1939
2835,03405.png,1.2758
2836,03406.png,1.7005
2837,03407.png,1.3480
2838,03408.png,1.7950
2839,03409.png,1.6237
2840,03410.png,1.6426
2841,03411.png,1.3254
2842,03412.png,1.4385
2843,03415.png,1.4061
2844,03417.png,1.7438
2845,03418.png,1.7527
2846,03419.png,1.7058
2847,03420.png,1.7826
2848,03421.png,2.9487
2849,03422.png,1.9330
2850,03423.png,1.2303
2851,03424.png,1.1110
2852,03425.png,3.0676
2853,03426.png,1.4713
2854,03427.png,1.6194
2855,03428.png,1.9626
2856,03429.png,1.4632
2857,03430.png,1.2692
2858,03431.png,1.2213
2859,03432.png,1.4042
2860,03434.png,1.4429
2861,03435.png,1.5810
2862,03436.png,1.1759
2863,03437.png,1.1425
2864,03438.png,1.6464
2865,03439.png,1.3117
2866,03440.png,1.3957
2867,03441.png,1.6026
2868,03442.png,2.2445
2869,03443.png,1.6081
2870,03444.png,1.9779
2871,03445.png,2.4719
2872,03446.png,2.6496
2873,03447.png,1.7003
2874,03448.png,1.4407
2875,03449.png,1.3261
2876,03450.png,3.0360
2877,03451.png,1.7542
2878,03452.png,1.6361
2879,03453.png,2.8021
2880,03454.png,1.5893
2881,03455.png,1.3972
2882,03456.png,1.9858
2883,03457.png,1.6171
2884,03458.png,1.5376
2885,03459.png,1.6173
2886,03460.png,1.4418
2887,03461.png,1.1886
2888,03462.png,1.2072
2889,03463.png,1.4260
2890,03465.png,1.2394
2891,03467.png,1.3637
2892,03468.png,1.6383
2893,03469.png,1.3048
2894,03470.png,1.6084
2895,03472.png,1.5289
2896,03474.png,1.4442
2897,03475.png,1.1193
2898,03476.png,1.0897
2899,03477.png,1.1620
2900,03479.png,1.7695
2901,03480.png,1.3365
2902,03481.png,1.0886
2903,03482.png,1.2311
2904,03483.png,4.9926
2905,03484.png,1.4588
2906,03485.png,1.1314
2907,03486.png,2.3846
2908,03487.png,1.4040
2909,03488.png,1.4964
2910,03489.png,1.2528
2911,03491.png,1.5659
2912,03492.png,1.3788
2913,03493.png,1.3586
2914,03494.png,1.4599
2915,03495.png,1.2703
2916,03496.png,1.4486
2917,03497.png,1.5126
2918,03498.png,1.4646
2919,03499.png,1.2242
2920,03500.png,1.5049
2921,03502.png,1.4328
2922,03504.png,1.2834
2923,03505.png,1.3070
2924,03506.png,1.2441
2925,03507.png,1.1896
2926,03508.png,1.6522
2927,03509.png,1.3071
2928,03510.png,1.4178
2929,03511.png,1.2770
2930,03512.png,1.3981
2931,03513.png,1.2961
2932,03514.png,1.3607
2933,03515.png,1.5575
2934,03516.png,1.3284
2935,03517.png,1.4917
2936,03518.png,1.3994
2937,03519.png,1.4654
2938,03520.png,1.6097
2939,03521.png,1.4771
2940,03522.png,1.3045
2941,03524.png,2.8473
2942,03525.png,1.4747
2943,03527.png,1.5268
2944,03528.png,2.6186
2945,03529.png,2.1209
2946,03530.png,1.8371
2947,03531.png,1.6229
2948,03532.png,1.6500
2949,03533.png,2.0757
2950,03534.png,1.5980
2951,03535.png,1.4392
2952,03536.png,3.2434
2953,03537.png,2.0929
2954,03539.png,1.3577
2955,03541.png,4.8183
2956,03543.png,3.0156
2957,03544.png,4.1619
2958,03545.png,4.6102
2959,03546.png,2.3286
2960,03548.png,3.3269
2961,03550.png,2.2604
2962,03551.png,1.5141
2963,03552.png,1.3683
2964,03554.png,1.3510
2965,03555.png,2.6766
2966,03556.png,2.8451
2967,03557.png,4.1107
2968,03558.png,2.0398
2969,03559.png,2.5908
2970,03560.png,1.3278
2971,03562.png,3.3926
2972,03563.png,3.3882
2973,03564.png,6.1729
2974,03565.png,4.5247
2975,03566.png,2.3202
2976,03568.png,2.4437
2977,03569.png,3.1077
2978,03570.png,3.5741
2979,03572.png,4.0443
2980,03574.png,4.5397
2981,03575.png,3.2859
2982,03576.png,2.8037
2983,03577.png,3.3889
2984,03578.png,2.4066
2985,03579.png,2.9492
2986,03580.png,4.5641
2987,03581.png,3.7051
2988,03582.png,3.0385
2989,03583.png,2.9218
2990,03584.png,1.7218
2991,03586.png,3.2421
2992,03588.png,3.2142
2993,03589.png,2.8639
2994,03590.png,3.1706
2995,03591.png,2.9329
2996,03592.png,2.0088
2997,03593.png,2.7548
2998,03594.png,3.0928
2999,03595.png,3.1337
3000,03596.png,3.3151
3001,03597.png,2.2582
3002,03598.png,1.6881
3003,03599.png,1.3563
3004,03601.png,2.8239
3005,03602.png,1.3068
3006,03603.png,1.4805
3007,03604.png,1.6621
3008,03605.png,1.3209
3009,03606.png,1.4376
3010,03607.png,1.3513
3011,03608.png,1.4619
3012,03609.png,1.4189
3013,03610.png,1.2189
3014,03611.png,1.5665
3015,03612.png,1.1927
3016,03613.png,1.4751
3017,03614.png,1.6469
3018,03615.png,1.3854
3019,03616.png,1.2932
3020,03617.png,1.2689
3021,03619.png,1.6395
3022,03620.png,3.3537
3023,03622.png,1.6386
3024,03623.png,2.8066
3025,03625.png,3.7136
3026,03627.png,3.3188
3027,03628.png,3.2514
3028,03629.png,3.6881
3029,03630.png,1.5385
3030,03632.png,3.5128
3031,03633.png,2.9124
3032,03634.png,3.1029
3033,03635.png,2.6419
3034,03636.png,2.8894
3035,03637.png,2.8147
3036,03638.png,2.8898
3037,03639.png,3.0373
3038,03640.png,3.0229
3039,03643.png,2.9716
3040,03644.png,3.0983
3041,03645.png,2.7989
3042,03646.png,3.0764
3043,03647.png,3.1017
3044,03648.png,1.6480
3045,03649.png,2.3479
3046,03650.png,2.9595
3047,03651.png,2.9570
3048,03652.png,2.6991
3049,03653.png,2.7255
3050,03654.png,1.7966
3051,03655.png,2.9529
3052,03656.png,3.2657
3053,03657.png,2.1944
3054,03659.png,2.0426
3055,03660.png,1.5219
3056,03661.png,1.3429
3057,03662.png,1.8429
3058,03664.png,1.6567
3059,03667.png,1.4599
3060,03668.png,1.6704
3061,03669.png,2.5358
3062,03670.png,1.5799
3063,03671.png,1.9330
3064,03672.png,1.5557
3065,03673.png,2.0823
3066,03674.png,2.3703
3067,03675.png,1.5371
3068,03676.png,1.4988
3069,03677.png,1.3437
3070,03679.png,1.5643
3071,03680.png,1.4712
3072,03681.png,1.2064
3073,03682.png,1.7767
3074,03683.png,4.3767
3075,03684.png,1.6578
3076,03685.png,2.0622
3077,03688.png,1.4938
3078,03689.png,1.3974
3079,03690.png,1.3949
3080,03691.png,1.1070
3081,03692.png,1.2118
3082,03693.png,1.4942
3083,03694.png,1.7006
3084,03695.png,3.0203
3085,03696.png,1.8376
3086,03697.png,1.9717
3087,03698.png,3.0794
3088,03700.png,1.3075
3089,03701.png,1.4364
3090,03702.png,1.8580
3091,03703.png,3.5363
3092,03704.png,2.7956
3093,03706.png,1.3512
3094,03707.png,3.4394
3095,03708.png,3.3515
3096,03709.png,2.3112
3097,03710.png,2.0059
3098,03711.png,2.9723
3099,03712.png,1.9932
3100,03714.png,3.7857
3101,03715.png,1.5419
3102,03716.png,2.8571
3103,03717.png,1.4480
3104,03718.png,2.6565
3105,03719.png,1.4793
3106,03720.png,2.8127
3107,03722.png,2.5974
3108,03723.png,2.3560
3109,03724.png,2.5914
3110,03726.png,2.5332
3111,03728.png,4.0271
3112,03730.png,2.7606
3113,03731.png,2.3345
3114,03732.png,1.3915
3115,03734.png,2.4342
3116,03735.png,1.9424
3117,03736.png,1.2639
3118,03737.png,3.3052
3119,03739.png,1.5658
3120,03741.png,1.5878
3121,03742.png,1.6075
3122,03744.png,2.5730
3123,03746.png,1.4524
3124,03747.png,2.8729
3125,03748.png,3.5671
3126,03750.png,2.4195
3127,03751.png,2.5336
3128,03752.png,2.9554
3129,03753.png,1.8605
3130,03755.png,1.6853
3131,03756.png,1.3320
3132,03759.png,1.4063
3133,03763.png,1.3402
3134,03764.png,1.3832
3135,03765.png,1.3547
3136,03766.png,1.4360
3137,03767.png,1.6810
3138,03768.png,1.9731
3139,03769.png,1.5685
3140,03770.png,1.3584
3141,03771.png,1.3401
3142,03772.png,1.4671
3143,03773.png,2.8878
3144,03776.png,1.4229
3145,03779.png,1.5450
3146,03780.png,1.4838
3147,03781.png,1.5139
3148,03784.png,2.4923
3149,03785.png,1.7250
3150,03786.png,1.7041
3151,03787.png,2.5704
3152,03789.png,3.0259
3153,03790.png,1.7394
3154,03791.png,1.7642
3155,03793.png,1.1979
3156,03794.png,1.7548
3157,03796.png,2.7830
3158,03797.png,3.0377
3159,03798.png,2.1481
3160,03800.png,1.4458
3161,03801.png,3.1841
3162,03802.png,3.3033
3163,03803.png,3.9141
3164,03804.png,3.1053
3165,03805.png,2.5136
3166,03809.png,3.0046
3167,03810.png,3.5114
3168,03811.png,3.9339
3169,03812.png,3.2740
3170,03814.png,3.0960
3171,03815.png,2.1013
3172,03816.png,3.8758
3173,03817.png,3.2182
3174,03819.png,3.0467
3175,03821.png,4.5508
3176,03822.png,2.7077
3177,03823.png,2.1773
3178,03824.png,3.1507
3179,03825.png,1.9984
3180,03826.png,2.7799
3181,03827.png,1.6202
3182,03828.png,1.6698
3183,03829.png,2.9492
3184,03830.png,2.7812
3185,03831.png,2.9086
3186,03832.png,3.2720
3187,03833.png,1.7886
3188,03834.png,3.3558
3189,03835.png,2.9929
3190,03836.png,1.8692
3191,03838.png,2.7710
3192,03839.png,1.6087
3193,03842.png,5.0479
3194,03843.png,3.5178
3195,03844.png,2.8029
3196,03845.png,3.5319
3197,03846.png,2.7960
3198,03847.png,2.9668
3199,03849.png,2.8114
3200,03850.png,2.7003
3201,03851.png,2.6214
3202,03852.png,2.6038
3203,03853.png,1.5515
3204,03854.png,4.4145
3205,03855.png,2.9226
3206,03856.png,2.5368
3207,03857.png,2.3569
3208,03858.png,2.9059
3209,03859.png,1.5949
3210,03860.png,1.2680
3211,03863.png,2.1663
3212,03864.png,2.6881
3213,03865.png,2.2989
3214,03867.png,1.5133
3215,03868.png,1.4097
3216,03869.png,1.2506
3217,03870.png,1.3036
3218,03871.png,1.4325
3219,03872.png,1.1672
3220,03873.png,1.2457
3221,03874.png,2.2573
3222,03875.png,1.4524
3223,03877.png,2.3911
3224,03878.png,3.0448
3225,03879.png,3.1202
3226,03880.png,1.8251
3227,03881.png,1.3771
3228,03882.png,1.7056
3229,03883.png,2.0265
3230,03884.png,2.0356
3231,03886.png,1.7904
3232,03887.png,1.6982
3233,03888.png,1.3235
3234,03889.png,2.3585
3235,03890.png,1.4116
3236,03891.png,1.5900
3237,03893.png,1.6054
3238,03894.png,1.6137
3239,03895.png,1.6981
3240,03896.png,1.7529
3241,03897.png,1.3674
3242,03898.png,1.6146
3243,03899.png,1.9349
3244,03900.png,1.3203
3245,03901.png,1.6409
3246,03902.png,3.2548
3247,03903.png,1.3223
3248,03904.png,3.0182
3249,03905.png,2.7166
3250,03906.png,2.6629
3251,03907.png,2.3268
3252,03908.png,2.5899
3253,03909.png,2.9558
3254,03910.png,2.9868
3255,03911.png,3.0347
3256,03912.png,3.3467
3257,03913.png,3.5096
3258,03914.png,1.6037
3259,03915.png,2.0122
3260,03916.png,2.7789
3261,03918.png,4.3511
3262,03919.png,2.9753
3263,03920.png,2.5167
3264,03921.png,1.3309
3265,03922.png,1.8790
3266,03923.png,3.2176
3267,03924.png,4.3434
3268,03925.png,3.4871
3269,03926.png,3.4756
3270,03928.png,3.4705
3271,03929.png,2.3389
3272,03930.png,3.0090
3273,03931.png,2.8031
3274,03932.png,4.3931
3275,03933.png,3.2552
3276,03934.png,2.8512
3277,03935.png,3.0284
3278,03936.png,3.9399
3279,03937.png,2.6617
3280,03939.png,3.1178
3281,03941.png,3.2608
3282,03942.png,3.5245
3283,03943.png,3.0637
3284,03944.png,2.8462
3285,03945.png,3.7463
3286,03947.png,3.1121
3287,03948.png,3.0031
3288,03949.png,2.8632
3289,03950.png,3.1469
3290,03951.png,2.7369
3291,03953.png,3.3855
3292,03954.png,5.1195
3293,03955.png,2.8892
3294,03958.png,1.4905
3295,03959.png,2.3753
3296,03960.png,1.2643
3297,03961.png,1.8660
3298,03962.png,1.4097
3299,03963.png,1.5017
3300,03964.png,1.6039
3301,03966.png,1.5391
3302,03967.png,2.6518
3303,03968.png,1.9541
3304,03969.png,3.4788
3305,03970.png,1.3556
3306,03971.png,1.2847
3307,03972.png,1.4040
3308,03973.png,1.5919
3309,03974.png,1.2064
3310,03975.png,1.7892
3311,03976.png,1.4503
3312,03977.png,1.3494
3313,03979.png,1.8411
3314,03981.png,1.4652
3315,03982.png,1.4131
3316,03983.png,1.6882
3317,03984.png,1.5619
3318,03985.png,1.4921
3319,03986.png,1.2672
3320,03988.png,1.3722
3321,03990.png,1.5402
3322,03992.png,1.5325
3323,03993.png,1.6411
3324,03994.png,1.6748
3325,03995.png,1.9000
3326,03997.png,1.4215
3327,03998.png,1.4186
3328,03999.png,1.3423
3329,04000.png,1.8564
3330,04001.png,2.2143
3331,04002.png,1.4611
3332,04003.png,1.2518
3333,04004.png,1.7526
3334,04005.png,2.3856
3335,04007.png,5.2227
3336,04008.png,3.0860
3337,04009.png,2.8664
3338,04010.png,19.8236
3339,04012.png,4.0717
3340,04013.png,3.1364
3341,04014.png,2.7002
3342,04015.png,2.0359
3343,04016.png,2.9424
3344,04017.png,1.7121
3345,04018.png,2.8432
3346,04019.png,3.1176
3347,04020.png,3.1220
3348,04022.png,2.6165
3349,04023.png,3.2387
3350,04025.png,3.3032
3351,04027.png,3.3960
3352,04028.png,2.8529
3353,04029.png,3.9846
3354,04031.png,3.5085
3355,04032.png,3.2294
3356,04033.png,3.1442
3357,04034.png,3.4555
3358,04035.png,3.4501
3359,04036.png,3.1498
3360,04037.png,3.5694
3361,04038.png,3.4750
3362,04039.png,3.3869
3363,04040.png,3.0427
3364,04041.png,2.7869
3365,04042.png,4.3330
3366,04044.png,3.3587
3367,04045.png,3.2062
3368,04046.png,3.6969
3369,04047.png,2.9147
3370,04048.png,3.0782
3371,04049.png,2.9325
3372,04050.png,3.6773
3373,04051.png,1.8256
3374,04053.png,1.7368
3375,04054.png,1.4233
3376,04055.png,1.4898
3377,04057.png,1.2173
3378,04058.png,2.5163
3379,04059.png,1.4100
3380,04060.png,1.2111
3381,04061.png,1.1376
3382,04063.png,2.0008
3383,04064.png,1.3388
3384,04065.png,1.3634
3385,04066.png,1.8787
3386,04067.png,1.5125
3387,04068.png,1.1474
3388,04071.png,1.1457
3389,04072.png,1.1278
3390,04073.png,1.4281
3391,04074.png,1.4352
3392,04075.png,1.1476
3393,04076.png,1.3647
3394,04077.png,1.4734
3395,04079.png,1.4144
3396,04082.png,1.3245
3397,04083.png,1.7629
3398,04084.png,1.9607
3399,04085.png,1.2192
3400,04086.png,1.3784
3401,04087.png,1.5054
3402,04088.png,1.2002
3403,04089.png,2.5570
3404,04090.png,1.7164
3405,04091.png,1.7143
3406,04093.png,1.4888
3407,04094.png,1.1662
3408,04095.png,1.1300
3409,04096.png,1.2646
3410,04097.png,1.4152
3411,04098.png,1.2429
3412,04099.png,2.9751
3413,04100.png,1.4970
3414,04101.png,1.4686
3415,04102.png,1.1789
3416,04103.png,1.2048
3417,04104.png,1.3606
3418,04105.png,1.3852
3419,04108.png,1.4586
3420,04109.png,1.3474
3421,04110.png,1.1655
3422,04111.png,1.3331
3423,04116.png,1.3283
3424,04117.png,1.3160
3425,04118.png,1.5241
3426,04119.png,1.2626
3427,04120.png,1.3552
3428,04121.png,1.3697
3429,04122.png,1.0540
3430,04123.png,1.3400
3431,04124.png,1.2387
3432,04125.png,1.4529
3433,04126.png,1.5115
3434,04127.png,1.4686
3435,04128.png,1.8670
3436,04130.png,1.4339
3437,04132.png,1.2565
3438,04134.png,1.5738
3439,04135.png,1.4930
3440,04136.png,2.5073
3441,04137.png,1.3175
3442,04138.png,1.4632
3443,04139.png,1.3085
3444,04140.png,1.1357
3445,04142.png,3.1865
3446,04144.png,1.7063
3447,04145.png,1.3423
3448,04146.png,1.3324
3449,04147.png,1.5066
3450,04148.png,1.5172
3451,04149.png,1.4232
3452,04150.png,1.3622
3453,04151.png,1.5394
3454,04152.png,1.4290
3455,04153.png,1.2569
3456,04154.png,1.1415
3457,04155.png,1.2438
3458,04156.png,1.8292
3459,04157.png,1.3393
3460,04158.png,1.3202
3461,04161.png,1.3171
3462,04162.png,1.7183
3463,04164.png,1.5805
3464,04165.png,6.1946
3465,04166.png,2.4138
3466,04167.png,1.5725
3467,04168.png,1.3014
3468,04169.png,1.4514
3469,04170.png,1.5588
3470,04172.png,1.5792
3471,04173.png,1.1722
3472,04174.png,1.4321
3473,04175.png,3.6813
3474,04177.png,1.3545
3475,04178.png,1.3933
3476,04179.png,1.3438
3477,04180.png,1.4707
3478,04181.png,1.4693
3479,04183.png,1.2917
3480,04184.png,1.3928
3481,04185.png,1.8427
3482,04186.png,2.8576
3483,04187.png,1.9037
3484,04188.png,3.8599
3485,04189.png,1.6210
3486,04191.png,1.5285
3487,04193.png,1.6616
3488,04195.png,1.4524
3489,04196.png,4.0208
3490,04197.png,1.9840
3491,04199.png,1.5146
3492,04200.png,1.3968
3493,04201.png,3.5578
3494,04202.png,1.5334
3495,04203.png,1.2845
3496,04204.png,2.0333
3497,04205.png,1.5855
3498,04207.png,1.5663
3499,04209.png,1.5220
3500,04210.png,1.4904
3501,04211.png,1.2729
3502,04212.png,1.3721
3503,04213.png,3.9941
3504,04214.png,2.1073
3505,04215.png,4.0755
3506,04219.png,4.6956
3507,04220.png,2.9448
3508,04221.png,2.7717
3509,04222.png,1.5347
3510,04223.png,2.7963
3511,04224.png,2.5387
3512,04225.png,1.1752
3513,04226.png,2.5966
3514,04227.png,2.9675
3515,04228.png,12.5556
3516,04229.png,8.1510
3517,04230.png,1.8435
3518,04231.png,1.8204
3519,04232.png,4.9735
3520,04233.png,2.8820
3521,04234.png,1.6633
3522,04235.png,3.7550
3523,04236.png,3.0161
3524,04237.png,3.4396
3525,04238.png,3.9269
3526,04239.png,1.5102
3527,04240.png,2.9484
3528,04241.png,3.0057
3529,04242.png,3.2804
3530,04243.png,3.4810
3531,04244.png,3.1129
3532,04245.png,2.9267
3533,04246.png,3.7616
3534,04247.png,3.3642
3535,04248.png,2.8548
3536,04249.png,2.3920
3537,04250.png,3.8741
3538,04252.png,3.0073
3539,04253.png,2.8906
3540,04254.png,3.5985
3541,04255.png,2.8744
3542,04256.png,2.9995
3543,04257.png,2.7847
3544,04258.png,3.1061
3545,04259.png,3.4964
3546,04261.png,3.6564
3547,04262.png,2.6785
3548,04263.png,1.3613
3549,04264.png,1.5191
3550,04265.png,1.2420
3551,04266.png,1.2849
3552,04267.png,1.2779
3553,04269.png,1.2255
3554,04270.png,1.1895
3555,04272.png,2.5402
3556,04273.png,1.7035
3557,04274.png,1.2583
3558,04275.png,1.3323
3559,04276.png,1.5820
3560,04278.png,1.7296
3561,04279.png,1.3682
3562,04280.png,1.5096
3563,04281.png,1.7447
3564,04282.png,1.7565
3565,04283.png,1.6588
3566,04284.png,1.2789
3567,04285.png,1.2420
3568,04286.png,1.6398
3569,04287.png,1.1910
3570,04288.png,1.6421
3571,04289.png,1.1136
3572,04290.png,1.4374
3573,04291.png,1.7688
3574,04292.png,1.6744
3575,04293.png,1.6559
3576,04294.png,1.3426
3577,04295.png,1.6580
3578,04296.png,1.4085
3579,04298.png,1.4402
3580,04301.png,1.3492
3581,04302.png,1.4443
3582,04303.png,1.5551
3583,04304.png,3.6613
3584,04305.png,1.4053
3585,04306.png,1.1918
3586,04307.png,1.3695
3587,04309.png,1.6874
3588,04310.png,1.7039
3589,04311.png,1.1926
3590,04312.png,1.2972
3591,04313.png,1.3919
3592,04315.png,1.3700
3593,04318.png,1.7979
3594,04319.png,1.2557
3595,04320.png,2.1744
3596,04321.png,1.7883
3597,04323.png,1.2734
3598,04324.png,1.4741
3599,04325.png,1.3343
3600,04326.png,1.1573
3601,04327.png,1.7748
3602,04328.png,1.6388
3603,04329.png,1.7940
3604,04331.png,2.7932
3605,04332.png,1.5893
3606,04333.png,1.2539
3607,04334.png,1.1945
3608,04335.png,1.4003
3609,04336.png,1.3193
3610,04337.png,1.2539
3611,04338.png,1.2338
3612,04339.png,1.5259
3613,04340.png,2.1146
3614,04341.png,4.8112
3615,04342.png,2.0275
3616,04343.png,1.7255
3617,04344.png,1.5521
3618,04345.png,1.4464
3619,04346.png,1.2733
3620,04347.png,1.6653
3621,04348.png,1.7364
3622,04350.png,1.7213
3623,04351.png,1.3766
3624,04352.png,1.4928
3625,04353.png,1.8108
3626,04354.png,1.7666
3627,04355.png,1.3411
3628,04356.png,1.5403
3629,04357.png,1.5624
3630,04358.png,2.0672
3631,04360.png,1.8375
3632,04362.png,1.4732
3633,04363.png,1.5499
3634,04365.png,1.3274
3635,04366.png,1.3159
3636,04368.png,1.5529
3637,04369.png,1.2770
3638,04370.png,1.3517
3639,04371.png,1.8192
3640,04372.png,1.5097
3641,04373.png,4.4339
3642,04374.png,1.6100
3643,04375.png,1.1944
3644,04376.png,1.2354
3645,04377.png,2.3366
3646,04378.png,1.5337
3647,04379.png,1.3369
3648,04380.png,1.1105
3649,04381.png,1.4849
3650,04382.png,1.4645
3651,04384.png,1.3629
3652,04385.png,1.2797
3653,04386.png,1.5744
3654,04387.png,1.3599
3655,04388.png,1.4331
3656,04389.png,1.3167
3657,04390.png,1.4857
3658,04391.png,1.3788
3659,04392.png,1.4973
3660,04394.png,2.5615
3661,04395.png,2.4218
3662,04396.png,1.5133
3663,04397.png,1.6684
3664,04398.png,1.5491
3665,04399.png,1.3622
3666,04400.png,1.9403
3667,04401.png,1.6611
3668,04403.png,1.3424
3669,04404.png,1.6592
3670,04405.png,1.2931
3671,04406.png,1.4809
3672,04407.png,1.5656
3673,04408.png,1.5155
3674,04409.png,1.3158
3675,04411.png,1.4046
3676,04412.png,1.3823
3677,04414.png,1.4773
3678,04416.png,1.3842
3679,04417.png,2.9433
3680,04418.png,1.5744
3681,04419.png,1.4123
3682,04422.png,1.1713
3683,04423.png,1.2585
3684,04424.png,1.3275
3685,04425.png,1.5287
3686,04426.png,1.2160
3687,04427.png,1.4179
3688,04428.png,1.1484
3689,04429.png,3.4360
3690,04432.png,1.3432
3691,04433.png,1.2296
3692,04434.png,1.2237
3693,04435.png,1.3639
3694,04436.png,1.8380
3695,04437.png,1.3313
3696,04438.png,1.3037
3697,04440.png,1.5628
3698,04441.png,1.1927
3699,04442.png,1.2267
3700,04443.png,1.8404
3701,04444.png,1.4279
3702,04445.png,1.5096
3703,04446.png,1.2795
3704,04447.png,1.4189
3705,04448.png,1.2686
3706,04449.png,1.1827
3707,04450.png,1.1894
3708,04451.png,4.5066
3709,04453.png,2.4713
3710,04454.png,1.3798
3711,04455.png,1.2748
3712,04456.png,2.4882
3713,04457.png,1.1998
3714,04458.png,1.3710
3715,04459.png,1.2958
3716,04460.png,1.1977
3717,04461.png,1.2973
3718,04462.png,1.3997
3719,04463.png,5.5313
3720,04464.png,3.8462
3721,04466.png,1.6129
3722,04467.png,1.1622
3723,04468.png,1.5570
3724,04471.png,1.2861
3725,04472.png,1.2994
3726,04473.png,1.6677
3727,04474.png,1.5770
3728,04475.png,1.3528
3729,04476.png,1.2182
3730,04477.png,3.2170
3731,04478.png,1.5645
3732,04479.png,1.2064
3733,04480.png,3.3492
3734,04482.png,3.4603
3735,04483.png,2.6897
3736,04484.png,2.7368
3737,04485.png,4.6633
3738,04486.png,3.5586
3739,04487.png,2.7119
3740,04488.png,3.5236
3741,04489.png,3.1757
3742,04490.png,3.4034
3743,04491.png,3.1055
3744,04492.png,2.8394
3745,04493.png,4.2449
3746,04494.png,3.0267
3747,04495.png,2.7243
3748,04497.png,2.7187
3749,04498.png,3.7628
3750,04499.png,3.0712
3751,04500.png,2.6706
3752,04501.png,2.6679
3753,04502.png,3.0767
3754,04503.png,2.4094
3755,04504.png,3.5262
3756,04505.png,4.8870
3757,04506.png,4.9381
3758,04507.png,2.8099
3759,04508.png,2.9230
3760,04512.png,1.5807
3761,04513.png,1.8067
3762,04514.png,1.4568
3763,04515.png,1.1073
3764,04516.png,1.5424
3765,04519.png,1.4850
3766,04520.png,1.4350
3767,04521.png,1.6143
3768,04522.png,1.2658
3769,04523.png,1.5054
3770,04524.png,1.1578
3771,04526.png,1.0694
3772,04527.png,1.2816
3773,04528.png,1.5287
3774,04529.png,1.6598
3775,04530.png,1.3028
3776,04531.png,1.1908
3777,04533.png,1.6446
3778,04534.png,1.3735
3779,04535.png,1.2551
3780,04536.png,1.0955
3781,04537.png,1.4792
3782,04538.png,1.2904
3783,04539.png,1.2496
3784,04540.png,1.4915
3785,04541.png,1.5042
3786,04542.png,1.6847
3787,04543.png,2.5291
3788,04544.png,1.5196
3789,04545.png,1.3883
3790,04546.png,1.1484
3791,04547.png,1.2638
3792,04548.png,1.3371
3793,04549.png,1.5712
3794,04550.png,1.2920
3795,04551.png,1.3656
3796,04552.png,1.5642
3797,04553.png,1.3574
3798,04554.png,1.5834
3799,04555.png,1.7164
3800,04556.png,1.1701
3801,04557.png,2.1894
3802,04558.png,1.3019
3803,04559.png,1.8700
3804,04560.png,1.2404
3805,04561.png,1.3897
3806,04562.png,2.0946
3807,04563.png,1.3317
3808,04564.png,1.4142
3809,04565.png,1.6261
3810,04566.png,1.2732
3811,04567.png,3.2427
3812,04569.png,1.6716
3813,04570.png,1.5749
3814,04572.png,1.3251
3815,04573.png,1.1042
3816,04574.png,1.2916
3817,04575.png,1.3016
3818,04576.png,1.2727
3819,04577.png,3.5226
3820,04578.png,5.4957
3821,04580.png,6.0205
3822,04581.png,1.9449
3823,04582.png,4.0764
3824,04583.png,2.7955
3825,04584.png,3.2686
3826,04585.png,3.9371
3827,04586.png,3.1392
3828,04587.png,3.6261
3829,04588.png,3.1982
3830,04589.png,3.5151
3831,04592.png,2.3023
3832,04594.png,2.7527
3833,04595.png,3.1064
3834,04597.png,2.6968
3835,04598.png,3.1650
3836,04599.png,2.9382
3837,04600.png,3.3384
3838,04601.png,2.7525
3839,04602.png,2.8049
3840,04603.png,3.0170
3841,04604.png,3.0891
3842,04605.png,4.0679
3843,04606.png,5.9228
3844,04607.png,3.7625
3845,04608.png,2.7653
3846,04609.png,1.4346
3847,04610.png,1.3045
3848,04611.png,1.4909
3849,04612.png,1.3740
3850,04613.png,1.0757
3851,04614.png,1.1273
3852,04615.png,1.6678
3853,04616.png,1.4160
3854,04617.png,1.3438
3855,04620.png,1.4182
3856,04621.png,2.1005
3857,04622.png,1.5670
3858,04623.png,1.2105
3859,04624.png,1.6994
3860,04625.png,1.3938
3861,04626.png,1.9419
3862,04627.png,1.3666
3863,04628.png,1.6631
3864,04629.png,1.1944
3865,04630.png,1.3281
3866,04631.png,1.6433
3867,04632.png,1.2326
3868,04633.png,1.1267
3869,04635.png,1.3630
3870,04636.png,1.5053
3871,04637.png,1.5117
3872,04638.png,1.8516
3873,04640.png,1.2690
3874,04641.png,1.3904
3875,04642.png,1.3917
3876,04643.png,2.2030
3877,04644.png,1.7375
3878,04645.png,1.3931
3879,04646.png,1.2574
3880,04647.png,1.8414
3881,04648.png,1.8712
3882,04649.png,1.3775
3883,04650.png,1.2456
3884,04652.png,1.4251
3885,04653.png,1.5840
3886,04654.png,1.5240
3887,04655.png,1.3064
3888,04656.png,1.3950
3889,04657.png,1.3296
3890,04658.png,1.1696
3891,04659.png,1.1569
3892,04661.png,1.4010
3893,04664.png,1.9479
3894,04665.png,1.4567
3895,04666.png,1.3520
3896,04667.png,1.2929
3897,04668.png,1.6881
3898,04670.png,1.4492
3899,04671.png,1.3650
3900,04672.png,1.6353
3901,04673.png,1.3919
3902,04674.png,1.2254
3903,04675.png,1.1387
3904,04677.png,1.1241
3905,04679.png,1.3616
3906,04680.png,1.7621
3907,04682.png,1.5292
3908,04683.png,4.1640
3909,04684.png,5.2111
3910,04685.png,1.5571
3911,04686.png,1.3654
3912,04690.png,1.1233
3913,04691.png,1.7063
3914,04693.png,1.6987
3915,04694.png,1.4469
3916,04695.png,1.7802
3917,04697.png,1.5444
3918,04700.png,1.0942
3919,04701.png,1.3202
3920,04702.png,1.3753
3921,04703.png,1.4877
3922,04704.png,1.3597
3923,04705.png,1.3690
3924,04706.png,1.1730
3925,04707.png,1.3692
3926,04708.png,1.3095
3927,04709.png,1.4096
3928,04710.png,1.6772
3929,04711.png,1.3627
3930,04712.png,1.1755
3931,04713.png,1.4264
3932,04715.png,1.5770
3933,04716.png,1.4564
3934,04717.png,1.2769
3935,04718.png,1.6919
3936,04719.png,1.5214
3937,04720.png,1.4954
3938,04721.png,2.4295
3939,04722.png,2.3291
3940,04723.png,2.9629
3941,04724.png,2.0039
3942,04726.png,2.9996
3943,04727.png,2.4349
3944,04728.png,1.4203
3945,04729.png,1.7349
3946,04730.png,2.0458
3947,04731.png,1.6128
3948,04732.png,1.2763
3949,04733.png,1.7608
3950,04734.png,2.5047
3951,04735.png,1.8071
3952,04736.png,1.1575
3953,04737.png,1.6189
3954,04738.png,2.3787
3955,04739.png,1.5212
3956,04740.png,1.3599
3957,04741.png,1.4735
3958,04742.png,1.6023
3959,04743.png,1.3289
3960,04744.png,1.5086
3961,04745.png,2.6415
3962,04746.png,2.2420
3963,04747.png,2.7230
3964,04748.png,1.8890
3965,04749.png,1.7757
3966,04750.png,1.3161
3967,04751.png,2.3009
3968,04752.png,1.5066
3969,04754.png,2.6379
3970,04755.png,3.0364
3971,04756.png,1.6948
3972,04757.png,3.4790
3973,04758.png,2.5314
3974,04759.png,1.2663
3975,04760.png,3.5230
3976,04761.png,1.6228
3977,04762.png,1.2294
3978,04764.png,1.2994
3979,04765.png,1.1160
3980,04766.png,1.2087
3981,04767.png,1.1719
3982,04768.png,1.2630
3983,04769.png,3.5316
3984,04770.png,3.5862
3985,04771.png,3.6289
3986,04772.png,3.6959
3987,04773.png,1.8694
3988,04775.png,2.0877
3989,04776.png,1.8093
3990,04777.png,1.5696
3991,04778.png,1.2068
3992,04779.png,1.3228
3993,04780.png,1.4137
3994,04781.png,1.3295
3995,04783.png,1.0430
3996,04784.png,1.2896
3997,04785.png,1.7510
3998,04787.png,1.5722
3999,04789.png,1.1638
4000,04790.png,1.1410
4001,04792.png,1.2058
4002,04793.png,1.0644
4003,04794.png,1.0737
4004,04795.png,1.1670
4005,04796.png,1.5052
4006,04797.png,1.2242
4007,04798.png,1.0975
4008,04799.png,1.2222
4009,04801.png,2.2837
4010,04802.png,1.5517
4011,04803.png,1.1871
4012,04804.png,1.1353
4013,04806.png,1.1931
4014,04807.png,1.2827
4015,04808.png,1.3457
4016,04809.png,1.4638
4017,04810.png,1.5767
4018,04811.png,1.6312
4019,04812.png,1.3556
4020,04813.png,1.3539
4021,04814.png,1.4082
4022,04816.png,1.3248
4023,04817.png,1.0657
4024,04822.png,1.9755
4025,04823.png,1.7235
4026,04824.png,1.7913
4027,04825.png,1.3165
4028,04826.png,1.2731
4029,04827.png,1.2521
4030,04828.png,1.0677
4031,04829.png,1.8161
4032,04830.png,4.6866
4033,04831.png,4.2669
4034,04832.png,1.5189
4035,04834.png,1.1638
4036,04836.png,1.5634
4037,04839.png,2.1760
4038,04840.png,1.5782
4039,04841.png,2.0828
4040,04843.png,1.4512
4041,04844.png,1.4115
4042,04845.png,1.3149
4043,04846.png,2.2962
4044,04847.png,1.9421
4045,04849.png,1.2392
4046,04850.png,1.5162
4047,04851.png,3.0904
4048,04852.png,1.6585
4049,04853.png,1.4227
4050,04854.png,1.2791
4051,04856.png,1.9725
4052,04857.png,1.0820
4053,04858.png,3.2303
4054,04859.png,1.3939
4055,04860.png,2.1465
4056,04861.png,1.1292
4057,04862.png,1.5641
4058,04863.png,1.4516
4059,04864.png,1.6776
4060,04865.png,1.3300
4061,04866.png,1.5924
4062,04869.png,1.6598
4063,04870.png,1.6635
4064,04871.png,2.2662
4065,04872.png,2.3794
4066,04873.png,1.1424
4067,04874.png,1.1619
4068,04875.png,1.5029
4069,04876.png,1.6233
4070,04877.png,1.0595
4071,04878.png,1.3104
4072,04879.png,1.2479
4073,04880.png,1.3297
4074,04882.png,1.3887
4075,04883.png,1.2283
4076,04884.png,1.3380
4077,04886.png,1.4096
4078,04888.png,1.4567
4079,04889.png,1.1262
4080,04890.png,1.8479
4081,04891.png,1.2744
4082,04892.png,1.1222
4083,04893.png,1.9151
4084,04894.png,1.2244
4085,04896.png,1.2712
4086,04897.png,1.2255
4087,04898.png,1.4256
4088,04899.png,1.5124
4089,04900.png,1.7418
4090,04902.png,1.2030
4091,04903.png,1.6966
4092,04904.png,1.3720
4093,04906.png,1.6273
4094,04907.png,1.4421
4095,04908.png,1.2508
4096,04909.png,1.3537
4097,04910.png,1.3380
4098,04911.png,1.3867
4099,04913.png,1.5961
4100,04915.png,1.4050
4101,04916.png,1.5171
4102,04917.png,1.5478
4103,04918.png,1.5035
4104,04919.png,1.3992
4105,04920.png,1.4964
4106,04921.png,1.2420
4107,04922.png,1.2814
4108,04926.png,1.8478
4109,04928.png,1.7624
4110,04929.png,1.6665
4111,04930.png,1.4546
4112,04933.png,1.3868
4113,04934.png,1.6698
4114,04935.png,1.3190
4115,04936.png,1.2211
4116,04937.png,1.5579
4117,04939.png,1.2743
4118,04940.png,1.2822
4119,04941.png,3.7777
4120,04943.png,1.6362
4121,04944.png,1.5721
4122,04945.png,1.4896
4123,04946.png,1.9931
4124,04947.png,1.8361
4125,04949.png,1.3127
4126,04950.png,3.1379
4127,04951.png,3.3173
4128,04952.png,3.8495
4129,04954.png,2.0606
4130,04955.png,1.3147
4131,04956.png,1.1585
4132,04957.png,1.1701
4133,04958.png,1.6410
4134,04959.png,1.3630
4135,04960.png,3.1757
4136,04961.png,3.2611
4137,04962.png,2.4406
4138,04963.png,2.4792
4139,04964.png,3.3794
4140,04966.png,3.1979
4141,04967.png,1.3677
4142,04969.png,2.8966
4143,04970.png,1.5664
4144,04971.png,1.6355
4145,04972.png,2.3947
4146,04974.png,2.3461
4147,04975.png,3.0051
4148,04976.png,3.1887
4149,04979.png,3.0484
4150,04980.png,3.2297
4151,04981.png,2.4416
4152,04982.png,1.4299
4153,04983.png,2.6536
4154,04984.png,3.4712
4155,04986.png,3.4232
4156,04987.png,3.4560
4157,04988.png,3.5476
4158,04989.png,2.9161
4159,04990.png,3.1332
4160,04991.png,3.2487
4161,04992.png,3.6333
4162,04993.png,2.3510
4163,04994.png,1.6362
4164,04996.png,3.6134
4165,04997.png,3.3587
4166,04998.png,2.8959
4167,04999.png,1.7673
4168,05001.png,1.5014
4169,05002.png,1.7603
4170,05003.png,2.4440
4171,05004.png,2.3212
4172,05005.png,1.9363
4173,05006.png,1.5861
4174,05007.png,1.5000
4175,05008.png,1.5526
4176,05009.png,2.4096
4177,05010.png,1.3412
4178,05011.png,1.4860
4179,05012.png,1.4717
4180,05013.png,1.5534
4181,05014.png,1.3515
4182,05015.png,1.2956
4183,05016.png,1.4594
4184,05017.png,1.3627
4185,05018.png,1.4049
4186,05020.png,1.7415
4187,05021.png,2.5138
4188,05023.png,1.6973
4189,05024.png,1.2969
4190,05025.png,3.6229
4191,05026.png,4.3001
4192,05028.png,1.7973
4193,05029.png,1.2236
4194,05030.png,3.2587
4195,05032.png,3.1140
4196,05033.png,3.0789
4197,05034.png,3.0708
4198,05035.png,4.4066
4199,05037.png,3.0216
4200,05038.png,3.2444
4201,05039.png,1.6972
4202,05040.png,2.9997
4203,05041.png,2.4572
4204,05043.png,3.3231
4205,05044.png,3.6624
4206,05045.png,2.7104
4207,05046.png,2.8041
4208,05047.png,5.1300
4209,05048.png,3.7432
4210,05049.png,3.2119
4211,05050.png,4.5530
4212,05051.png,2.4145
4213,05052.png,3.3272
4214,05053.png,3.2256
4215,05054.png,3.5290
4216,05055.png,2.7704
4217,05056.png,1.3059
4218,05057.png,4.2569
4219,05058.png,2.9587
4220,05060.png,2.9838
4221,05061.png,2.9507
4222,05062.png,2.8476
4223,05063.png,2.1219
4224,05065.png,3.4330
4225,05066.png,3.4235
4226,05068.png,2.7921
4227,05069.png,2.4925
4228,05072.png,3.0042
4229,05073.png,1.4433
4230,05074.png,2.9900
4231,05075.png,2.8073
4232,05076.png,3.1589
4233,05077.png,3.0016
4234,05078.png,2.8593
4235,05079.png,3.0939
4236,05080.png,2.3588
4237,05083.png,1.5284
4238,05084.png,1.4787
4239,05085.png,1.4034
4240,05086.png,1.8170
4241,05087.png,1.3504
4242,05088.png,1.4766
4243,05089.png,1.2210
4244,05090.png,1.6372
4245,05091.png,1.2606
4246,05095.png,1.3553
4247,05096.png,1.2716
4248,05097.png,1.4383
4249,05098.png,1.5614
4250,05099.png,1.2915
4251,05100.png,1.7083
4252,05101.png,1.5743
4253,05102.png,1.3618
4254,05103.png,1.2426
4255,05104.png,1.4561
4256,05105.png,1.3160
4257,05106.png,3.1552
4258,05107.png,1.8037
4259,05108.png,1.3559
4260,05109.png,1.5357
4261,05110.png,1.1467
4262,05111.png,1.3496
4263,05112.png,1.4134
4264,05113.png,3.0287
4265,05114.png,3.0950
4266,05115.png,1.4121
4267,05116.png,2.0354
4268,05117.png,1.9054
4269,05118.png,1.1388
4270,05119.png,1.2002
4271,05121.png,2.4985
4272,05122.png,1.4715
4273,05123.png,1.1412
4274,05124.png,1.5411
4275,05125.png,2.9332
4276,05126.png,2.2296
4277,05127.png,1.5089
4278,05128.png,1.5835
4279,05129.png,1.5014
4280,05130.png,3.4945
4281,05131.png,3.4387
4282,05132.png,2.5352
4283,05133.png,3.3071
4284,05134.png,3.2152
4285,05135.png,3.1227
4286,05136.png,2.9165
4287,05137.png,2.5440
4288,05138.png,1.4112
4289,05139.png,2.8314
4290,05140.png,3.1938
4291,05141.png,2.9279
4292,05142.png,3.7833
4293,05143.png,2.3190
4294,05144.png,3.2170
4295,05145.png,3.5573
4296,05147.png,1.7631
4297,05148.png,1.1840
4298,05149.png,1.4004
4299,05150.png,1.4503
4300,05151.png,1.6652
4301,05152.png,1.4795
4302,05153.png,1.2237
4303,05154.png,1.2083
4304,05155.png,1.5340
4305,05156.png,1.4547
4306,05157.png,1.3483
4307,05158.png,1.2520
4308,05159.png,1.7138
4309,05160.png,1.2420
4310,05161.png,1.2230
4311,05164.png,1.9646
4312,05165.png,1.3520
4313,05166.png,1.2104
4314,05167.png,1.4328
4315,05169.png,1.7006
4316,05170.png,2.0310
4317,05171.png,1.3129
4318,05173.png,2.7889
4319,05174.png,1.7533
4320,05175.png,1.6063
4321,05177.png,1.5347
4322,05178.png,1.5906
4323,05179.png,2.8922
4324,05180.png,1.6160
4325,05181.png,1.5539
4326,05182.png,1.2639
4327,05183.png,1.3187
4328,05184.png,1.4049
4329,05186.png,1.5740
4330,05187.png,1.3444
4331,05188.png,1.2816
4332,05189.png,1.5651
4333,05190.png,1.2104
4334,05191.png,1.6618
4335,05192.png,1.4881
4336,05193.png,2.9994
4337,05194.png,3.0551
4338,05195.png,2.5644
4339,05196.png,3.1453
4340,05197.png,3.1325
4341,05198.png,3.1029
4342,05199.png,3.1263
4343,05200.png,2.2173
4344,05201.png,1.4895
4345,05202.png,3.2085
4346,05203.png,3.3867
4347,05204.png,2.8010
4348,05205.png,3.5810
4349,05206.png,1.6154
4350,05208.png,2.9257
4351,05209.png,2.9351
4352,05211.png,3.2079
4353,05212.png,1.5381
4354,05213.png,2.6200
4355,05214.png,2.3613
4356,05215.png,2.6652
4357,05216.png,3.0336
4358,05217.png,2.8276
4359,05218.png,3.4237
4360,05219.png,3.6618
4361,05220.png,2.6920
4362,05222.png,3.2292
4363,05224.png,2.9599
4364,05226.png,3.3268
4365,05229.png,3.4433
4366,05230.png,2.6700
4367,05231.png,1.9917
4368,05232.png,2.2382
4369,05233.png,2.4199
4370,05234.png,1.2760
4371,05235.png,1.6810
4372,05236.png,2.2996
4373,05237.png,1.5632
4374,05238.png,1.1340
4375,05239.png,1.1157
4376,05240.png,1.4269
4377,05241.png,1.7417
4378,05242.png,1.3567
4379,05243.png,1.4457
4380,05244.png,1.1214
4381,05245.png,1.2830
4382,05246.png,1.6239
4383,05247.png,6.1964
4384,05248.png,4.7121
4385,05249.png,1.6771
4386,05250.png,3.9074
4387,05252.png,1.9155
4388,05253.png,2.1849
4389,05254.png,1.7667
4390,05255.png,1.6614
4391,05256.png,1.6851
4392,05257.png,1.5198
4393,05258.png,1.2327
4394,05259.png,1.3178
4395,05260.png,3.5261
4396,05261.png,5.4016
4397,05262.png,4.9540
4398,05263.png,2.8845
4399,05265.png,2.8064
4400,05266.png,3.0194
4401,05267.png,2.7769
4402,05268.png,2.9597
4403,05269.png,3.2963
4404,05270.png,3.3129
4405,05272.png,2.7022
4406,05273.png,2.8903
4407,05275.png,3.6887
4408,05276.png,3.2132
4409,05277.png,6.9430
4410,05278.png,3.4267
4411,05279.png,2.7786
4412,05281.png,3.7753
4413,05282.png,3.5576
4414,05283.png,3.1275
4415,05284.png,2.8933
4416,05285.png,3.1201
4417,05287.png,3.9309
4418,05288.png,2.9788
4419,05290.png,2.9155
4420,05291.png,3.8878
4421,05292.png,1.6420
4422,05293.png,2.0752
4423,05295.png,1.9466
4424,05297.png,2.8452
4425,05298.png,1.5513
4426,05299.png,2.6322
4427,05300.png,3.3067
4428,05302.png,2.2211
4429,05303.png,2.1018
4430,05304.png,1.2031
4431,05306.png,1.0549
4432,05307.png,2.2191
4433,05308.png,1.8124
4434,05310.png,1.3260
4435,05311.png,1.5294
4436,05312.png,1.2328
4437,05314.png,1.1929
4438,05315.png,2.8249
4439,05317.png,1.4863
4440,05318.png,2.3638
4441,05319.png,1.4160
4442,05320.png,1.1872
4443,05321.png,3.1347
4444,05322.png,1.4138
4445,05323.png,1.6811
4446,05324.png,1.5726
4447,05326.png,1.2852
4448,05327.png,1.4875
4449,05328.png,1.4271
4450,05329.png,1.3182
4451,05330.png,1.4372
4452,05331.png,1.8772
4453,05332.png,1.1600
4454,05333.png,1.1940
4455,05334.png,1.1675
4456,05336.png,1.6877
4457,05337.png,1.2684
4458,05339.png,1.2978
4459,05340.png,1.4101
4460,05341.png,1.4907
4461,05342.png,1.4645
4462,05343.png,1.0957
4463,05344.png,1.3916
4464,05345.png,1.2845
4465,05346.png,1.1825
4466,05347.png,1.1808
4467,05348.png,1.2768
4468,05350.png,3.2472
4469,05351.png,1.3603
4470,05353.png,1.3100
4471,05354.png,2.6284
4472,05355.png,1.5575
4473,05356.png,1.3796
4474,05357.png,1.1884
4475,05358.png,1.3785
4476,05359.png,1.6371
4477,05360.png,1.3509
4478,05361.png,1.2160
4479,05362.png,1.4079
4480,05365.png,1.8288
4481,05366.png,1.5008
4482,05367.png,1.2738
4483,05368.png,2.1022
4484,05369.png,1.4137
4485,05370.png,1.3822
4486,05371.png,1.4127
4487,05372.png,1.9613
4488,05373.png,3.8252
4489,05374.png,1.9176
4490,05375.png,1.2860
4491,05376.png,1.1559
4492,05377.png,1.5718
4493,05378.png,2.6597
4494,05379.png,1.3507
4495,05380.png,3.4213
4496,05381.png,1.7726
4497,05382.png,1.6887
4498,05383.png,1.6580
4499,05384.png,1.3503
4500,05385.png,2.0173
4501,05386.png,1.4264
4502,05388.png,1.8563
4503,05389.png,1.4082
4504,05390.png,1.7530
4505,05391.png,1.1796
4506,05392.png,1.1937
4507,05393.png,1.1889
4508,05394.png,1.9738
4509,05395.png,1.1341
4510,05396.png,2.2884
4511,05397.png,1.4428
4512,05398.png,1.6653
4513,05399.png,2.7324
4514,05401.png,1.3839
4515,05402.png,1.2108
4516,05404.png,1.3563
4517,05405.png,1.5254
4518,05406.png,1.5331
4519,05407.png,1.6319
4520,05408.png,1.2567
4521,05409.png,1.2684
4522,05410.png,1.9424
4523,05411.png,1.7144
4524,05412.png,2.2285
4525,05413.png,1.3821
4526,05414.png,1.1448
4527,05415.png,3.1751
4528,05417.png,1.9746
4529,05418.png,1.4565
4530,05419.png,1.2116
4531,05420.png,2.7831
4532,05421.png,1.3409
4533,05423.png,1.1718
4534,05424.png,2.4032
4535,05425.png,1.2098
4536,05426.png,1.4678
4537,05427.png,1.2708
4538,05428.png,1.1388
4539,05429.png,1.0864
4540,05431.png,1.5882
4541,05432.png,1.1612
4542,05434.png,1.2267
4543,05436.png,1.6476
4544,05438.png,1.6061
4545,05439.png,1.2454
4546,05440.png,1.1900
4547,05442.png,1.2407
4548,05444.png,1.6777
4549,05445.png,1.1531
4550,05446.png,1.1119
4551,05448.png,1.3908
4552,05450.png,1.5287
4553,05451.png,1.4376
4554,05452.png,1.0983
4555,05453.png,1.2020
4556,05454.png,1.2309
4557,05457.png,1.2036
4558,05458.png,1.4636
4559,05459.png,1.2342
4560,05460.png,1.4667
4561,05461.png,1.4780
4562,05462.png,1.4281
4563,05463.png,2.0654
4564,05465.png,1.3843
4565,05466.png,1.2026
4566,05468.png,1.2602
4567,05469.png,1.0605
4568,05470.png,3.2958
4569,05472.png,2.4200
4570,05473.png,1.2717
4571,05474.png,1.3521
4572,05475.png,1.8898
4573,05477.png,1.8852
4574,05478.png,2.1797
4575,05479.png,1.7378
4576,05481.png,1.7981
4577,05482.png,1.3880
4578,05483.png,1.3980
4579,05484.png,1.3698
4580,05485.png,1.3778
4581,05487.png,1.5171
4582,05489.png,1.5315
4583,05490.png,1.3446
4584,05491.png,1.9066
4585,05492.png,1.8615
4586,05493.png,1.4566
4587,05494.png,1.2935
4588,05495.png,1.8788
4589,05496.png,1.8967
4590,05499.png,2.9306
4591,05500.png,4.6252
4592,05502.png,1.9531
4593,05505.png,4.6862
4594,05506.png,3.1193
4595,05507.png,1.8547
4596,05508.png,1.3323
4597,05510.png,2.4776
4598,05511.png,1.3793
4599,05512.png,2.6219
4600,05513.png,2.5856
4601,05514.png,1.8267
4602,05515.png,1.6910
4603,05516.png,2.5707
4604,05517.png,1.2873
4605,05518.png,3.6999
4606,05519.png,2.7182
4607,05520.png,2.5803
4608,05522.png,1.7494
4609,05525.png,1.2472
4610,05528.png,2.6955
4611,05529.png,2.5638
4612,05530.png,3.0325
4613,05531.png,2.7485
4614,05532.png,3.4190
4615,05533.png,2.2463
4616,05534.png,2.9772
4617,05535.png,2.6932
4618,05536.png,3.2642
4619,05537.png,3.4573
4620,05539.png,3.2126
4621,05540.png,2.9113
4622,05542.png,2.8268
4623,05543.png,2.4645
4624,05544.png,3.1142
4625,05545.png,2.9240
4626,05547.png,3.1012
4627,05548.png,2.9655
4628,05549.png,2.7763
4629,05551.png,2.8237
4630,05552.png,2.7842
4631,05553.png,3.3471
4632,05555.png,3.0548
4633,05556.png,2.2000
4634,05557.png,1.5953
4635,05558.png,2.4426
4636,05559.png,1.6829
4637,05560.png,1.8998
4638,05561.png,1.3334
4639,05564.png,1.8007
4640,05565.png,1.7607
4641,05566.png,1.5592
4642,05567.png,1.3195
4643,05569.png,1.1933
4644,05570.png,1.5306
4645,05571.png,1.2937
4646,05572.png,1.5232
4647,05573.png,1.4650
4648,05574.png,1.8715
4649,05575.png,1.6852
4650,05576.png,1.3782
4651,05577.png,1.5039
4652,05578.png,2.5974
4653,05579.png,1.1747
4654,05580.png,1.5642
4655,05581.png,1.7793
4656,05583.png,1.7843
4657,05584.png,1.3535
4658,05585.png,1.5509
4659,05586.png,1.2452
4660,05587.png,2.0792
4661,05590.png,1.2825
4662,05591.png,1.1616
4663,05592.png,1.5037
4664,05593.png,1.6688
4665,05594.png,4.0080
4666,05595.png,1.6386
4667,05596.png,1.8665
4668,05598.png,2.3420
4669,05599.png,1.3284
4670,05600.png,1.4100
4671,05601.png,1.1860
4672,05602.png,1.4201
4673,05603.png,2.1002
4674,05604.png,1.3727
4675,05605.png,1.1809
4676,05606.png,1.7400
4677,05607.png,1.2553
4678,05608.png,1.2533
4679,05609.png,1.2694
4680,05612.png,1.6597
4681,05613.png,1.4478
4682,05614.png,1.6495
4683,05615.png,1.1534
4684,05616.png,1.9250
4685,05617.png,1.4956
4686,05618.png,1.3576
4687,05619.png,1.2785
4688,05620.png,1.1906
4689,05621.png,1.2273
4690,05622.png,1.2303
4691,05624.png,1.3980
4692,05626.png,1.1957
4693,05627.png,1.5870
4694,05628.png,2.0135
4695,05630.png,1.2518
4696,05631.png,1.2005
4697,05632.png,1.1109
4698,05633.png,1.3241
4699,05634.png,1.2376
4700,05635.png,1.4887
4701,05636.png,1.4731
4702,05637.png,1.8732
4703,05638.png,1.4272
4704,05639.png,1.6389
4705,05640.png,1.4430
4706,05641.png,1.2773
4707,05643.png,1.2393
4708,05644.png,1.6035
4709,05645.png,1.2518
4710,05646.png,1.6401
4711,05647.png,1.3555
4712,05648.png,1.8573
4713,05649.png,1.1204
4714,05650.png,1.5154
4715,05651.png,1.1556
4716,05652.png,4.7438
4717,05653.png,1.9314
4718,05654.png,2.2863
4719,05655.png,2.5071
4720,05656.png,2.1693
4721,05657.png,1.4281
4722,05658.png,2.6381
4723,05659.png,2.2197
4724,05661.png,1.3070
4725,05662.png,1.4391
4726,05663.png,1.2553
4727,05664.png,1.4530
4728,05665.png,1.5714
4729,05666.png,1.1826
4730,05667.png,1.7958
4731,05668.png,1.3003
4732,05669.png,1.5445
4733,05671.png,1.1608
4734,05672.png,1.4089
4735,05673.png,1.1339
4736,05675.png,1.2782
4737,05676.png,1.4157
4738,05677.png,1.3111
4739,05678.png,1.3615
4740,05679.png,1.5137
4741,05681.png,1.4076
4742,05682.png,1.2295
4743,05683.png,1.4620
4744,05684.png,3.1962
4745,05686.png,1.1646
4746,05687.png,1.3588
4747,05688.png,1.1381
4748,05689.png,1.2837
4749,05690.png,1.3062
4750,05692.png,1.2601
4751,05693.png,1.9493
4752,05694.png,1.5422
4753,05695.png,1.8872
4754,05696.png,1.2200
4755,05697.png,1.2298
4756,05698.png,1.4088
4757,05699.png,1.1973
4758,05700.png,1.1276
4759,05701.png,1.3712
4760,05702.png,1.5649
4761,05703.png,1.2997
4762,05704.png,1.2101
4763,05705.png,1.1820
4764,05706.png,1.2803
4765,05707.png,1.1434
4766,05708.png,1.3884
4767,05709.png,1.3571
4768,05710.png,1.2665
4769,05711.png,1.7149
4770,05712.png,1.5928
4771,05713.png,1.7070
4772,05714.png,1.4106
4773,05715.png,1.2055
4774,05716.png,1.6174
4775,05717.png,1.1741
4776,05718.png,1.4570
4777,05719.png,1.2031
4778,05720.png,1.2297
4779,05721.png,1.2374
4780,05722.png,1.3023
4781,05723.png,1.0573
4782,05725.png,1.7867
4783,05728.png,1.3710
4784,05729.png,1.3569
4785,05731.png,1.1043
4786,05732.png,1.4245
4787,05733.png,1.8783
4788,05734.png,1.6349
4789,05737.png,1.0844
4790,05739.png,1.3394
4791,05740.png,1.3376
4792,05741.png,1.9201
4793,05742.png,1.2195
4794,05744.png,1.2579
4795,05745.png,1.3530
4796,05746.png,1.3670
4797,05747.png,4.6911
4798,05748.png,2.0690
4799,05750.png,1.2627
4800,05751.png,1.5899
4801,05753.png,1.5637
4802,05755.png,1.7208
4803,05756.png,1.4156
4804,05757.png,1.4857
4805,05758.png,1.4659
4806,05759.png,1.4457
4807,05760.png,1.4133
4808,05761.png,1.4923
4809,05762.png,1.1759
4810,05763.png,1.2817
4811,05764.png,1.3654
4812,05765.png,1.3694
4813,05766.png,1.1776
4814,05767.png,1.3502
4815,05768.png,1.8157
4816,05769.png,1.1805
4817,05770.png,1.6383
4818,05771.png,1.4220
4819,05772.png,1.2484
4820,05773.png,1.1668
4821,05774.png,1.3144
4822,05775.png,1.3210
4823,05776.png,1.2607
4824,05778.png,1.4836
4825,05780.png,1.0984
4826,05781.png,1.1472
4827,05782.png,1.3589
4828,05783.png,1.4014
4829,05784.png,1.5662
4830,05785.png,1.3273
4831,05787.png,1.5813
4832,05788.png,1.2077
4833,05789.png,1.3345
4834,05791.png,1.1859
4835,05792.png,1.1824
4836,05794.png,1.2317
4837,05795.png,1.4787
4838,05796.png,1.2932
4839,05797.png,1.2809
4840,05798.png,1.6911
4841,05801.png,1.1529
4842,05803.png,1.8583
4843,05804.png,1.4899
4844,05805.png,1.7017
4845,05807.png,1.9350
4846,05809.png,1.8869
4847,05810.png,1.1647
4848,05811.png,2.6696
4849,05812.png,1.7696
4850,05813.png,1.2688
4851,05818.png,1.5841
4852,05819.png,1.3736
4853,05820.png,1.1213
4854,05821.png,1.2885
4855,05822.png,1.2095
4856,05823.png,1.2901
4857,05825.png,1.4636
4858,05826.png,1.6017
4859,05827.png,1.4473
4860,05830.png,1.7666
4861,05831.png,1.1644
4862,05832.png,2.1728
4863,05833.png,1.7096
4864,05834.png,1.7760
4865,05836.png,1.5373
4866,05837.png,1.2430
4867,05840.png,1.4513
4868,05842.png,2.1036
4869,05843.png,1.7539
4870,05844.png,1.3233
4871,05845.png,1.5002
4872,05846.png,1.3074
4873,05847.png,1.3333
4874,05848.png,1.1677
4875,05849.png,1.1631
4876,05852.png,1.2275
4877,05853.png,2.0214
4878,05856.png,1.4262
4879,05857.png,1.3809
4880,05858.png,1.4205
4881,05859.png,1.2389
4882,05861.png,1.1402
4883,05862.png,1.6359
4884,05863.png,1.8124
4885,05864.png,1.4914
4886,05865.png,1.3012
4887,05866.png,1.3937
4888,05867.png,1.3052
4889,05868.png,1.1426
4890,05869.png,1.3642
4891,05870.png,1.5525
4892,05871.png,1.1299
4893,05872.png,1.3592
4894,05873.png,1.2128
4895,05874.png,1.2871
4896,05875.png,1.5202
4897,05876.png,1.2261
4898,05877.png,1.2514
4899,05878.png,1.4485
4900,05879.png,1.3796
4901,05880.png,1.2253
4902,05881.png,1.1296
4903,05882.png,1.4276
4904,05883.png,1.4213
4905,05885.png,1.1805
4906,05886.png,1.5135
4907,05887.png,1.5870
4908,05888.png,1.2926
4909,05889.png,1.1006
4910,05890.png,1.3070
4911,05891.png,1.3071
4912,05892.png,1.3141
4913,05893.png,1.4827
4914,05895.png,1.9694
4915,05896.png,1.2638
4916,05897.png,1.1382
4917,05899.png,1.3886
4918,05900.png,1.5086
4919,05901.png,1.8499
4920,05902.png,1.7461
4921,05904.png,1.2803
4922,05906.png,1.4281
4923,05907.png,2.4297
4924,05908.png,1.9952
4925,05909.png,1.3299
4926,05910.png,1.3385
4927,05912.png,1.4371
4928,05913.png,2.0627
4929,05914.png,1.2730
4930,05915.png,1.2387
4931,05916.png,1.1912
4932,05917.png,1.3143
4933,05918.png,1.3681
4934,05919.png,5.6269
4935,05920.png,1.6083
4936,05921.png,1.3665
4937,05923.png,1.3449
4938,05925.png,1.1671
4939,05926.png,1.3493
4940,05927.png,1.6324
4941,05928.png,1.2801
4942,05929.png,2.2420
4943,05930.png,1.3971
4944,05931.png,1.1350
4945,05932.png,1.1997
4946,05933.png,1.6499
4947,05934.png,1.3803
4948,05935.png,1.5022
4949,05936.png,1.1537
4950,05938.png,1.1198
4951,05939.png,1.5771
4952,05940.png,1.5095
4953,05941.png,1.0974
4954,05942.png,1.1789
4955,05943.png,1.3274
4956,05944.png,1.4213
4957,05945.png,1.2023
4958,05946.png,1.8873
4959,05947.png,1.5419
4960,05948.png,1.2463
4961,05949.png,1.2067
4962,05950.png,1.3445
4963,05951.png,1.8142
4964,05952.png,1.1515
4965,05953.png,1.1807
4966,05955.png,1.2444
4967,05956.png,1.3117
4968,05957.png,1.8563
4969,05959.png,2.5500
4970,05960.png,2.1848
4971,05961.png,1.7893
4972,05962.png,1.2748
4973,05963.png,1.5634
4974,05964.png,1.3787
4975,05965.png,1.4535
4976,05966.png,1.3554
4977,05967.png,1.4017
4978,05968.png,1.6454
4979,05969.png,1.4368
4980,05971.png,1.6260
4981,05972.png,1.4177
4982,05973.png,1.2680
4983,05975.png,2.1648
4984,05976.png,1.3068
4985,05977.png,1.4750
4986,05979.png,1.5545
4987,05981.png,1.7731
4988,05982.png,1.3223
4989,05983.png,1.4205
4990,05984.png,1.4725
4991,05986.png,1.5572
4992,05987.png,1.3347
4993,05988.png,1.3376
4994,05989.png,1.7125
4995,05990.png,1.3875
4996,05991.png,1.2146
4997,05992.png,1.1664
4998,05993.png,1.7688
4999,05995.png,1.6276
5000,05997.png,1.1774
5001,05998.png,1.1969
5002,06000.png,1.2598
5003,06001.png,1.5093
5004,06002.png,1.5046
5005,06003.png,1.3846
5006,06005.png,1.1573
5007,06006.png,1.4671
5008,06007.png,1.4097
5009,06008.png,1.4423
5010,06009.png,1.3365
5011,06010.png,1.4291
5012,06011.png,1.3821
5013,06012.png,1.4295
5014,06014.png,1.3798
5015,06015.png,1.6882
5016,06016.png,1.3836
5017,06017.png,1.3692
5018,06018.png,1.2310
5019,06019.png,1.7629
5020,06020.png,1.1993
5021,06022.png,1.2074
5022,06023.png,1.0804
5023,06024.png,1.3775
5024,06026.png,1.4276
5025,06027.png,1.3796
5026,06029.png,1.5770
5027,06030.png,1.6653
5028,06031.png,1.3793
5029,06032.png,1.6644
5030,06034.png,1.3728
5031,06035.png,1.4010
5032,06036.png,1.1737
5033,06037.png,1.2241
5034,06038.png,1.1613
5035,06039.png,1.3226
5036,06040.png,1.2938
5037,06042.png,1.9142
5038,06043.png,1.1598
5039,06045.png,1.2547
5040,06046.png,1.1284
5041,06048.png,1.1670
5042,06049.png,1.5087
5043,06050.png,1.9573
5044,06052.png,1.2482
5045,06053.png,1.0920
5046,06055.png,1.5232
5047,06056.png,1.3217
5048,06057.png,1.8384
5049,06058.png,1.2475
5050,06060.png,1.6268
5051,06061.png,1.3332
5052,06062.png,1.6199
5053,06064.png,1.0858
5054,06065.png,1.3502
5055,06066.png,1.3196
5056,06067.png,1.4719
5057,06068.png,1.2040
5058,06069.png,1.2471
5059,06070.png,1.5862
5060,06071.png,1.2761
5061,06073.png,1.6873
5062,06074.png,2.3814
5063,06075.png,1.7713
5064,06076.png,1.4928
5065,06077.png,1.1309
5066,06078.png,1.1821
5067,06079.png,1.1416
5068,06080.png,1.4196
5069,06081.png,1.1581
5070,06082.png,1.6061
5071,06083.png,1.6044
5072,06084.png,1.2449
5073,06086.png,1.2762
5074,06087.png,1.4246
5075,06088.png,3.0055
5076,06092.png,2.7593
5077,06093.png,2.6921
5078,06094.png,3.7771
5079,06095.png,2.1563
5080,06096.png,2.8812
5081,06097.png,2.7211
5082,06099.png,2.8869
5083,06100.png,3.9172
5084,06101.png,2.8323
5085,06102.png,2.7891
5086,06103.png,2.7483
5087,06104.png,3.0820
5088,06105.png,2.7347
5089,06106.png,1.5364
5090,06107.png,2.6942
5091,06108.png,3.9579
5092,06109.png,2.8272
5093,06110.png,3.5078
5094,06111.png,3.7680
5095,06112.png,3.0712
5096,06114.png,2.7137
5097,06115.png,3.6857
5098,06116.png,3.1746
5099,06117.png,3.0163
5100,06118.png,3.0690
5101,06119.png,2.7496
5102,06120.png,2.9030
5103,06121.png,3.9911
5104,06123.png,2.8448
5105,06124.png,2.0323
5106,06125.png,1.4206
5107,06126.png,1.8760
5108,06127.png,1.5195
5109,06128.png,1.4652
5110,06129.png,2.4876
5111,06130.png,1.5638
5112,06131.png,3.3119
5113,06132.png,2.1304
5114,06133.png,1.1381
5115,06134.png,1.9335
5116,06135.png,1.5708
5117,06137.png,1.3412
5118,06138.png,1.5550
5119,06140.png,1.9177
5120,06142.png,1.5972
5121,06144.png,3.8784
5122,06147.png,1.8282
5123,06148.png,2.2322
5124,06149.png,1.2748
5125,06150.png,1.3013
5126,06151.png,1.8580
5127,06152.png,1.5060
5128,06153.png,1.4083
5129,06154.png,1.1660
5130,06155.png,1.5054
5131,06156.png,1.5197
5132,06159.png,1.2760
5133,06162.png,1.2383
5134,06163.png,1.1230
5135,06164.png,1.3729
5136,06165.png,1.2273
5137,06166.png,1.5468
5138,06167.png,1.0762
5139,06168.png,1.4173
5140,06169.png,3.1583
5141,06171.png,2.1039
5142,06173.png,1.2241
5143,06174.png,1.4251
5144,06175.png,1.1261
5145,06176.png,1.2079
5146,06177.png,1.3352
5147,06178.png,1.7085
5148,06179.png,1.6778
5149,06181.png,1.0645
5150,06182.png,1.3199
5151,06183.png,1.2901
5152,06185.png,1.2781
5153,06186.png,1.2418
5154,06187.png,1.1794
5155,06188.png,1.4069
5156,06189.png,1.3507
5157,06190.png,1.8003
5158,06191.png,2.2980
5159,06192.png,1.7808
5160,06194.png,1.6320
5161,06195.png,1.4538
5162,06196.png,1.4135
5163,06197.png,2.0658
5164,06198.png,1.7233
5165,06201.png,1.4389
5166,06202.png,1.6144
5167,06203.png,1.7431
5168,06204.png,1.4245
5169,06205.png,2.0335
5170,06206.png,1.7417
5171,06207.png,1.6280
5172,06208.png,1.3364
5173,06209.png,1.4763
5174,06210.png,1.6098
5175,06211.png,2.1992
5176,06213.png,1.2747
5177,06214.png,3.9038
5178,06216.png,1.4295
5179,06217.png,1.6907
5180,06218.png,3.4207
5181,06221.png,3.7749
5182,06222.png,1.7144
5183,06223.png,2.4713
5184,06224.png,1.7311
5185,06225.png,1.5682
5186,06226.png,2.3913
5187,06227.png,1.9602
5188,06228.png,2.1120
5189,06229.png,5.1633
5190,06230.png,1.8082
5191,06231.png,1.2754
5192,06232.png,1.1654
5193,06233.png,1.2389
5194,06234.png,1.4097
5195,06235.png,1.4804
5196,06237.png,1.3738
5197,06238.png,1.3170
5198,06239.png,2.8013
5199,06240.png,1.4625
5200,06241.png,1.3025
5201,06242.png,1.9402
5202,06243.png,1.6940
5203,06245.png,3.3298
5204,06246.png,1.9870
5205,06247.png,2.1863
5206,06248.png,1.4695
5207,06250.png,4.0692
5208,06251.png,3.8002
5209,06252.png,2.8067
5210,06253.png,2.1484
5211,06254.png,1.7226
5212,06256.png,1.2356
5213,06257.png,1.6360
5214,06259.png,1.2054
5215,06260.png,1.3808
5216,06261.png,1.6163
5217,06262.png,1.8045
5218,06263.png,1.1732
5219,06264.png,1.3728
5220,06265.png,1.1761
5221,06266.png,1.6518
5222,06267.png,1.2781
5223,06268.png,1.5538
5224,06270.png,1.1124
5225,06271.png,1.9363
5226,06272.png,1.4648
5227,06273.png,1.3071
5228,06275.png,1.4206
5229,06276.png,1.1339
5230,06277.png,1.2157
5231,06278.png,2.6025
5232,06279.png,1.3947
5233,06280.png,1.1769
5234,06281.png,1.3566
5235,06282.png,1.2436
5236,06283.png,1.1417
5237,06285.png,1.1050
5238,06286.png,1.2667
5239,06287.png,1.5619
5240,06289.png,1.2876
5241,06290.png,1.6833
5242,06291.png,1.8382
5243,06293.png,3.0250
5244,06295.png,1.4844
5245,06296.png,1.4807
5246,06297.png,1.2239
5247,06298.png,1.1960
5248,06299.png,1.2885
5249,06300.png,1.4035
5250,06301.png,1.5548
5251,06302.png,1.2578
5252,06304.png,1.4746
5253,06305.png,1.2335
5254,06306.png,1.5551
5255,06307.png,1.4547
5256,06308.png,1.1671
5257,06312.png,1.1039
5258,06313.png,1.1805
5259,06314.png,1.2364
5260,06315.png,1.1371
5261,06316.png,1.3399
5262,06317.png,1.3006
5263,06318.png,1.5381
5264,06319.png,1.8657
5265,06320.png,1.6839
5266,06322.png,1.4226
5267,06323.png,1.7312
5268,06326.png,1.5117
5269,06328.png,1.6004
5270,06329.png,1.3535
5271,06330.png,1.6226
5272,06333.png,1.5728
5273,06336.png,1.6662
5274,06337.png,1.2201
5275,06339.png,1.2684
5276,06340.png,1.2850
5277,06341.png,1.7229
5278,06342.png,1.7381
5279,06343.png,1.4785
5280,06345.png,1.4541
5281,06346.png,1.5589
5282,06347.png,1.5769
5283,06349.png,1.6278
5284,06351.png,1.3536
5285,06353.png,1.1023
5286,06354.png,1.3573
5287,06355.png,1.3914
5288,06357.png,1.3159
5289,06358.png,1.1938
5290,06359.png,1.1006
5291,06360.png,1.6768
5292,06361.png,1.3051
5293,06362.png,1.2737
5294,06363.png,1.2172
5295,06364.png,1.3062
5296,06365.png,1.6351
5297,06366.png,1.1441
5298,06367.png,1.5517
5299,06368.png,1.5889
5300,06369.png,1.2168
5301,06370.png,1.1599
5302,06371.png,1.2399
5303,06372.png,1.2677
5304,06374.png,1.1447
5305,06375.png,1.3606
5306,06376.png,1.2427
5307,06377.png,1.5171
5308,06378.png,1.2406
5309,06379.png,1.6155
5310,06380.png,1.6940
5311,06381.png,1.3432
5312,06383.png,1.1195
5313,06384.png,1.1937
5314,06385.png,1.4501
5315,06386.png,1.3177
5316,06387.png,1.3477
5317,06388.png,1.3186
5318,06390.png,1.2640
5319,06391.png,1.2984
5320,06392.png,1.2461
5321,06393.png,1.0811
5322,06394.png,1.1082
5323,06395.png,1.2750
5324,06397.png,1.1767
5325,06398.png,1.2145
5326,06399.png,1.2368
5327,06400.png,1.2208
5328,06401.png,1.1396
5329,06402.png,1.3109
5330,06403.png,1.4694
5331,06404.png,1.5971
5332,06406.png,1.2403
5333,06407.png,1.2969
5334,06408.png,1.8201
5335,06409.png,1.4021
5336,06411.png,1.2410
5337,06412.png,1.2900
5338,06413.png,1.4516
5339,06415.png,1.3548
5340,06417.png,1.3212
5341,06418.png,4.0104
5342,06421.png,2.5286
5343,06423.png,1.4206
5344,06424.png,1.7291
5345,06425.png,1.2818
5346,06426.png,1.5361
5347,06427.png,1.4612
5348,06428.png,1.2418
5349,06429.png,1.6762
5350,06430.png,1.5690
5351,06431.png,1.3499
5352,06433.png,1.3548
5353,06435.png,1.2418
5354,06436.png,1.4775
5355,06438.png,1.2227
5356,06439.png,1.1046
5357,06440.png,1.3182
5358,06441.png,1.6513
5359,06443.png,1.1708
5360,06446.png,1.9692
5361,06447.png,3.1552
5362,06448.png,1.4442
5363,06449.png,1.2916
5364,06450.png,1.1862
5365,06451.png,1.3457
5366,06452.png,1.2793
5367,06453.png,1.1406
5368,06454.png,1.3861
5369,06455.png,1.5512
5370,06457.png,1.3442
5371,06459.png,1.0739
5372,06460.png,1.1103
5373,06461.png,1.2022
5374,06463.png,1.4458
5375,06465.png,1.2103
5376,06466.png,1.3138
5377,06467.png,1.3825
5378,06468.png,1.2811
5379,06469.png,1.1455
5380,06470.png,1.3472
5381,06472.png,1.1787
5382,06473.png,1.5204
5383,06474.png,1.2393
5384,06475.png,1.1227
5385,06478.png,1.2750
5386,06479.png,1.4996
5387,06480.png,1.3324
5388,06481.png,1.3521
5389,06482.png,1.3131
5390,06484.png,1.3225
5391,06485.png,1.3995
5392,06486.png,1.2807
5393,06488.png,1.4249
5394,06489.png,1.5203
5395,06490.png,1.2175
5396,06491.png,1.2997
5397,06492.png,1.2548
5398,06493.png,1.8420
5399,06494.png,1.6264
5400,06497.png,1.3438
5401,06498.png,1.4139
5402,06499.png,1.5046
5403,06500.png,1.3266
5404,06501.png,1.4012
5405,06502.png,1.3103
5406,06503.png,1.3505
5407,06505.png,2.2299
5408,06506.png,1.7973
5409,06507.png,2.3662
5410,06509.png,2.0860
5411,06511.png,1.8323
5412,06512.png,1.3088
5413,06513.png,2.0568
5414,06514.png,1.2041
5415,06515.png,1.2721
5416,06516.png,1.2747
5417,06517.png,1.1447
5418,06518.png,1.2408
5419,06519.png,1.1082
5420,06520.png,1.3855
5421,06521.png,1.2469
5422,06522.png,1.3933
5423,06523.png,1.4696
5424,06525.png,1.1035
5425,06526.png,1.9981
5426,06527.png,1.3897
5427,06528.png,1.1140
5428,06530.png,1.6642
5429,06531.png,1.4339
5430,06532.png,1.2682
5431,06535.png,1.2259
5432,06536.png,1.2711
5433,06537.png,1.3085
5434,06538.png,2.1878
5435,06539.png,1.7364
5436,06540.png,1.3769
5437,06541.png,2.8861
5438,06542.png,2.5431
5439,06543.png,2.3428
5440,06544.png,2.1099
5441,06545.png,1.9535
5442,06546.png,1.8413
5443,06547.png,1.3403
5444,06548.png,1.9767
5445,06549.png,2.3393
5446,06550.png,1.5801
5447,06551.png,1.1718
5448,06553.png,1.3378
5449,06554.png,1.4100
5450,06555.png,1.2858
5451,06556.png,2.6760
5452,06557.png,1.8367
5453,06559.png,3.5669
5454,06560.png,1.7550
5455,06561.png,2.4076
5456,06562.png,1.9265
5457,06563.png,2.7031
5458,06564.png,2.2121
5459,06565.png,2.0374
5460,06566.png,1.1147
5461,06567.png,1.6197
5462,06568.png,1.3665
5463,06569.png,1.5728
5464,06571.png,1.5084
5465,06572.png,1.5926
5466,06573.png,1.5051
5467,06574.png,4.1081
5468,06575.png,1.7760
5469,06576.png,1.8011
5470,06577.png,1.7372
5471,06578.png,1.3606
5472,06580.png,1.2462
5473,06581.png,1.4404
5474,06583.png,1.2515
5475,06584.png,1.2648
5476,06586.png,1.4233
5477,06588.png,2.0149
5478,06589.png,1.2241
5479,06592.png,1.9690
5480,06593.png,1.1899
5481,06595.png,2.6743
5482,06596.png,1.6703
5483,06597.png,1.6826
5484,06598.png,1.0859
5485,06599.png,1.8775
5486,06600.png,1.1521
5487,06601.png,1.2024
5488,06604.png,1.4782
5489,06605.png,2.7103
5490,06606.png,2.0073
5491,06607.png,1.8215
5492,06609.png,1.7428
5493,06610.png,2.5487
5494,06611.png,1.3407
5495,06612.png,2.7540
5496,06613.png,1.1784
5497,06614.png,1.2799
5498,06615.png,1.3887
5499,06617.png,2.7588
5500,06619.png,1.3622
5501,06620.png,1.3951
5502,06621.png,1.7841
5503,06622.png,1.1435
5504,06623.png,1.2714
5505,06624.png,1.5087
5506,06625.png,1.1357
5507,06626.png,2.3111
5508,06627.png,1.7909
5509,06628.png,1.7444
5510,06629.png,1.7740
5511,06630.png,1.7803
5512,06631.png,1.5498
5513,06632.png,1.5966
5514,06633.png,1.0766
5515,06634.png,1.5776
5516,06636.png,1.2281
5517,06637.png,1.9704
5518,06638.png,1.3473
5519,06639.png,1.5263
5520,06641.png,1.5289
5521,06645.png,1.4311
5522,06646.png,1.1489
5523,06647.png,2.9438
5524,06648.png,1.4150
5525,06649.png,1.3127
5526,06652.png,1.2653
5527,06653.png,1.2971
5528,06654.png,1.9583
5529,06655.png,2.3872
5530,06656.png,1.1910
5531,06657.png,1.1285
5532,06659.png,1.6602
5533,06660.png,1.2666
5534,06661.png,1.1538
5535,06662.png,1.2629
5536,06663.png,1.3759
5537,06664.png,1.3583
5538,06665.png,1.7259
5539,06667.png,1.6146
5540,06669.png,1.4020
5541,06670.png,1.3025
5542,06671.png,1.3850
5543,06672.png,1.4571
5544,06673.png,1.4431
5545,06674.png,1.4474
5546,06675.png,1.2889
5547,06676.png,1.2652
5548,06677.png,1.3728
5549,06678.png,2.3693
5550,06679.png,1.5136
5551,06681.png,1.1965
5552,06682.png,1.4173
5553,06683.png,4.2158
5554,06685.png,1.3084
5555,06686.png,1.2018
5556,06687.png,1.1867
5557,06688.png,1.5606
5558,06689.png,1.4304
5559,06690.png,1.3190
5560,06693.png,2.8705
5561,06694.png,2.6819
5562,06695.png,1.2710
5563,06696.png,1.6957
5564,06697.png,1.7795
5565,06698.png,2.5142
5566,06699.png,1.6419
5567,06700.png,1.6312
5568,06701.png,1.3359
5569,06702.png,3.2977
5570,06703.png,1.9116
5571,06704.png,1.6663
5572,06706.png,1.3576
5573,06707.png,1.5082
5574,06709.png,1.8399
5575,06710.png,1.1748
5576,06711.png,1.3000
5577,06712.png,1.5554
5578,06713.png,1.9301
5579,06714.png,1.3805
5580,06715.png,3.7533
5581,06716.png,1.8339
5582,06717.png,1.2012
5583,06718.png,1.3515
5584,06719.png,1.3512
5585,06721.png,1.4056
5586,06722.png,1.9712
5587,06724.png,2.4808
5588,06725.png,1.3428
5589,06726.png,1.6983
5590,06727.png,2.2084
5591,06728.png,1.3784
5592,06729.png,1.4875
5593,06732.png,1.6355
5594,06733.png,1.3935
5595,06734.png,1.6531
5596,06735.png,2.6475
5597,06737.png,1.2760
5598,06738.png,1.5447
5599,06739.png,1.5608
5600,06740.png,1.2770
5601,06741.png,1.4247
5602,06742.png,1.1897
5603,06743.png,1.2983
5604,06745.png,1.3826
5605,06746.png,1.5760
5606,06747.png,4.7501
5607,06748.png,1.6866
5608,06749.png,1.8878
5609,06750.png,1.7416
5610,06751.png,1.4643
5611,06753.png,1.5129
5612,06754.png,1.3202
5613,06756.png,1.7492
5614,06757.png,1.4080
5615,06758.png,1.3432
5616,06759.png,1.5474
5617,06760.png,1.4707
5618,06761.png,1.3125
5619,06762.png,1.4295
5620,06763.png,1.2206
5621,06766.png,1.9152
5622,06767.png,2.2003
5623,06768.png,3.4642
5624,06770.png,1.7141
5625,06771.png,1.4412
5626,06772.png,1.3328
5627,06773.png,1.4960
5628,06774.png,1.4275
5629,06775.png,1.3728
5630,06776.png,1.1599
5631,06777.png,1.1318
5632,06778.png,3.0706
5633,06779.png,1.3916
5634,06781.png,1.5920
5635,06782.png,1.8434
5636,06783.png,1.6801
5637,06784.png,1.5547
5638,06785.png,1.3834
5639,06787.png,1.4398
5640,06789.png,2.2878
5641,06790.png,2.0340
5642,06791.png,1.1602
5643,06793.png,2.3724
5644,06794.png,2.0240
5645,06795.png,1.5077
5646,06796.png,1.5247
5647,06797.png,2.5769
5648,06798.png,3.7343
5649,06800.png,2.4478
5650,06801.png,3.5102
5651,06802.png,3.2199
5652,06803.png,2.3072
5653,06804.png,1.4773
5654,06805.png,1.0996
5655,06806.png,1.1753
5656,06807.png,1.6732
5657,06808.png,1.2956
5658,06809.png,1.5257
5659,06810.png,1.2996
5660,06811.png,1.1162
5661,06812.png,1.1894
5662,06814.png,1.9693
5663,06815.png,4.5015
5664,06817.png,1.1866
5665,06818.png,1.6696
5666,06820.png,1.5204
5667,06821.png,1.3486
5668,06822.png,1.5873
5669,06823.png,1.6246
5670,06824.png,1.3503
5671,06825.png,1.5514
5672,06826.png,1.3286
5673,06827.png,2.1429
5674,06828.png,1.3559
5675,06829.png,1.2686
5676,06830.png,2.6097
5677,06831.png,1.7750
5678,06832.png,1.7236
5679,06833.png,1.7139
5680,06834.png,2.2012
5681,06835.png,1.6894
5682,06837.png,4.5101
5683,06838.png,1.2462
5684,06839.png,2.3294
5685,06840.png,2.9823
5686,06841.png,1.1253
5687,06842.png,1.2208
5688,06843.png,1.4019
5689,06844.png,2.5048
5690,06845.png,1.4663
5691,06846.png,2.1459
5692,06847.png,1.9621
5693,06848.png,2.0256
5694,06849.png,3.8286
5695,06850.png,1.9182
5696,06851.png,1.5977
5697,06852.png,2.6325
5698,06853.png,1.1202
5699,06854.png,1.1704
5700,06855.png,1.1661
5701,06856.png,1.6761
5702,06857.png,1.2211
5703,06858.png,1.2219
5704,06859.png,1.1301
5705,06860.png,1.9405
5706,06861.png,3.3724
5707,06862.png,1.4773
5708,06863.png,1.1892
5709,06864.png,2.0622
5710,06865.png,1.3072
5711,06866.png,1.2867
5712,06867.png,1.7628
5713,06869.png,1.6014
5714,06870.png,1.2441
5715,06872.png,1.4903
5716,06873.png,1.3620
5717,06874.png,1.3312
5718,06875.png,1.2097
5719,06876.png,1.3059
5720,06877.png,1.1123
5721,06878.png,1.3357
5722,06879.png,1.4670
5723,06880.png,1.7422
5724,06881.png,1.5063
5725,06882.png,1.8415
5726,06883.png,1.2525
5727,06885.png,1.3105
5728,06886.png,1.6406
5729,06887.png,1.5953
5730,06888.png,2.1577
5731,06889.png,1.8825
5732,06891.png,1.3921
5733,06892.png,3.5196
5734,06893.png,1.6139
5735,06894.png,2.6039
5736,06895.png,1.3130
5737,06896.png,1.3369
5738,06897.png,1.4529
5739,06898.png,1.2590
5740,06900.png,1.3115
5741,06901.png,1.4393
5742,06902.png,4.3344
5743,06903.png,3.7503
5744,06904.png,4.0263
5745,06905.png,3.1006
5746,06906.png,3.3445
5747,06907.png,4.6018
5748,06909.png,3.4327
5749,06910.png,3.0314
5750,06912.png,2.6963
5751,06914.png,2.0211
5752,06916.png,2.9879
5753,06918.png,2.9587
5754,06919.png,2.6736
5755,06920.png,3.8226
5756,06921.png,3.6361
5757,06922.png,3.2929
5758,06923.png,3.2253
5759,06924.png,3.0440
5760,06925.png,2.7844
5761,06926.png,2.9140
5762,06927.png,3.0778
5763,06928.png,2.7649
5764,06929.png,2.9545
5765,06930.png,3.1349
5766,06931.png,3.0575
5767,06932.png,3.0629
5768,06933.png,3.1357
5769,06934.png,3.3155
5770,06935.png,2.2789
5771,06936.png,1.3777
5772,06938.png,2.3603
5773,06940.png,1.6472
5774,06941.png,1.2684
5775,06942.png,1.4764
5776,06944.png,1.2463
5777,06945.png,1.3777
5778,06946.png,1.5774
5779,06947.png,1.9575
5780,06949.png,1.6695
5781,06950.png,4.2726
5782,06951.png,1.5801
5783,06952.png,1.3121
5784,06953.png,1.5414
5785,06955.png,1.5120
5786,06956.png,1.4246
5787,06957.png,1.3870
5788,06958.png,1.8533
5789,06959.png,4.3449
5790,06960.png,1.4263
5791,06962.png,1.1163
5792,06963.png,1.1072
5793,06964.png,1.2454
5794,06965.png,2.3278
5795,06967.png,1.2572
5796,06968.png,1.1592
5797,06969.png,1.1935
5798,06971.png,1.4591
5799,06973.png,3.8516
5800,06974.png,3.8663
5801,06975.png,2.0920
5802,06976.png,1.3912
5803,06977.png,2.1527
5804,06978.png,1.8988
5805,06979.png,3.8110
5806,06980.png,4.6018
5807,06981.png,3.8653
5808,06982.png,1.8758
5809,06983.png,1.2809
5810,06984.png,2.4143
5811,06985.png,1.3443
5812,06986.png,1.3798
5813,06987.png,1.2589
5814,06988.png,1.8266
5815,06989.png,1.3480
5816,06990.png,1.4589
5817,06991.png,1.8240
5818,06993.png,1.2703
5819,06994.png,1.1734
5820,06995.png,5.5569
5821,06996.png,14.8585
5822,06998.png,10.0658
5823,06999.png,4.7446
5824,07000.png,5.8084
5825,07001.png,5.2201
5826,07002.png,3.6103
5827,07003.png,3.3264
5828,07004.png,3.6446
5829,07006.png,4.0337
5830,07007.png,3.1371
5831,07008.png,3.1134
5832,07009.png,2.7643
5833,07010.png,3.3353
5834,07012.png,2.8965
5835,07013.png,2.6719
5836,07014.png,2.8269
5837,07015.png,3.0749
5838,07016.png,2.6868
5839,07017.png,2.6826
5840,07018.png,2.6369
5841,07019.png,3.2822
5842,07021.png,3.2084
5843,07022.png,2.9168
5844,07026.png,2.8584
5845,07027.png,3.4274
5846,07028.png,3.2499
5847,07029.png,2.4877
5848,07030.png,2.0907
5849,07031.png,1.6276
5850,07032.png,1.1908
5851,07033.png,1.3718
5852,07035.png,1.5288
5853,07036.png,1.7739
5854,07037.png,1.2087
5855,07038.png,1.1770
5856,07039.png,1.2954
5857,07040.png,1.5493
5858,07042.png,1.3740
5859,07043.png,1.2263
5860,07045.png,1.9118
5861,07046.png,2.2194
5862,07047.png,2.5517
5863,07049.png,6.2709
5864,07051.png,1.5419
5865,07052.png,1.7281
5866,07054.png,1.7090
5867,07056.png,2.3690
5868,07057.png,2.9625
5869,07058.png,3.4083
5870,07059.png,1.6890
5871,07060.png,1.3970
5872,07061.png,1.4742
5873,07062.png,1.7660
5874,07063.png,1.1613
5875,07065.png,1.5211
5876,07066.png,1.7627
5877,07067.png,1.3832
5878,07069.png,1.4521
5879,07070.png,1.4684
5880,07071.png,1.5333
5881,07073.png,2.6118
5882,07074.png,1.4973
5883,07075.png,1.9409
5884,07076.png,1.6592
5885,07079.png,1.6579
5886,07082.png,2.5340
5887,07083.png,2.0436
5888,07084.png,1.7128
5889,07086.png,2.3150
5890,07087.png,1.3330
5891,07088.png,3.8869
5892,07089.png,1.8072
5893,07093.png,1.4535
5894,07094.png,1.2682
5895,07096.png,1.6904
5896,07097.png,1.2560
5897,07098.png,1.5182
5898,07101.png,1.3191
5899,07103.png,1.5141
5900,07104.png,1.4757
5901,07105.png,3.4052
5902,07106.png,1.6545
5903,07107.png,6.2740
5904,07109.png,3.2027
5905,07110.png,2.6966
5906,07112.png,2.4953
5907,07114.png,2.3527
5908,07116.png,1.2592
5909,07117.png,5.2837
5910,07119.png,2.1195
5911,07121.png,1.7691
5912,07122.png,1.4661
5913,07123.png,2.6477
5914,07124.png,1.4740
5915,07125.png,1.5057
5916,07126.png,1.2178
5917,07127.png,1.5961
5918,07128.png,1.4643
5919,07129.png,1.4163
5920,07130.png,1.3619
5921,07131.png,4.0018
5922,07132.png,1.7137
5923,07133.png,2.2422
5924,07134.png,1.4068
5925,07135.png,1.2769
5926,07136.png,1.4640
5927,07137.png,1.6741
5928,07138.png,1.3756
5929,07139.png,1.3379
5930,07140.png,2.1528
5931,07141.png,1.2291
5932,07143.png,2.7610
5933,07144.png,1.4460
5934,07145.png,1.2273
5935,07146.png,2.4435
5936,07148.png,1.4212
5937,07149.png,1.7967
5938,07150.png,1.2637
5939,07151.png,1.1044
5940,07152.png,1.6222
5941,07153.png,2.1479
5942,07154.png,1.2153
5943,07155.png,1.3023
5944,07156.png,1.2938
5945,07157.png,2.1552
5946,07158.png,1.1253
5947,07159.png,1.3285
5948,07160.png,2.2948
5949,07161.png,1.9244
5950,07162.png,1.9319
5951,07163.png,1.4696
5952,07164.png,1.9871
5953,07166.png,1.7951
5954,07168.png,1.5966
5955,07169.png,1.4599
5956,07170.png,2.3541
5957,07171.png,1.9000
5958,07172.png,2.2089
5959,07173.png,2.1072
5960,07174.png,3.7894
5961,07177.png,3.0123
5962,07178.png,1.1158
5963,07179.png,1.7509
5964,07180.png,2.3295
5965,07181.png,1.8020
5966,07182.png,1.2719
5967,07184.png,1.1887
5968,07185.png,1.8245
5969,07186.png,2.5744
5970,07187.png,2.1568
5971,07188.png,1.2987
5972,07191.png,2.5913
5973,07192.png,1.7037
5974,07193.png,1.5016
5975,07194.png,1.8680
5976,07195.png,1.5190
5977,07196.png,1.2774
5978,07197.png,1.4085
5979,07198.png,1.2434
5980,07200.png,1.4591
5981,07201.png,1.3440
5982,07202.png,1.6677
5983,07203.png,1.4974
5984,07204.png,1.5333
5985,07205.png,1.1442
5986,07206.png,1.7103
5987,07207.png,1.9895
5988,07208.png,1.7471
5989,07210.png,1.2596
5990,07211.png,1.1157
5991,07212.png,3.2257
5992,07213.png,2.6688
5993,07214.png,1.5583
5994,07215.png,5.0189
5995,07216.png,1.4267
5996,07219.png,1.5597
5997,07220.png,3.8437
5998,07221.png,1.9084
5999,07222.png,1.5243
6000,07223.png,1.3029
6001,07224.png,1.1662
6002,07225.png,1.8603
6003,07226.png,1.8582
6004,07228.png,2.1773
6005,07229.png,1.3986
6006,07231.png,1.8382
6007,07233.png,4.3496
6008,07234.png,1.4475
6009,07235.png,2.1654
6010,07236.png,1.3281
6011,07237.png,1.4058
6012,07238.png,1.9362
6013,07239.png,1.2905
6014,07240.png,1.2039
6015,07241.png,2.3338
6016,07242.png,1.6580
6017,07243.png,1.3438
6018,07244.png,1.1704
6019,07247.png,1.1230
6020,07248.png,1.6310
6021,07249.png,1.4324
6022,07250.png,1.1228
6023,07251.png,1.1650
6024,07252.png,1.4198
6025,07253.png,1.2000
6026,07254.png,1.2292
6027,07256.png,2.0233
6028,07257.png,1.4147
6029,07259.png,1.2415
6030,07260.png,1.2834
6031,07262.png,1.3370
6032,07263.png,1.5187
6033,07265.png,1.3973
6034,07266.png,1.4069
6035,07267.png,1.3970
6036,07268.png,1.6627
6037,07269.png,1.2006
6038,07270.png,1.2635
6039,07271.png,1.5698
6040,07273.png,1.4107
6041,07274.png,1.4096
6042,07277.png,1.2329
6043,07278.png,1.5344
6044,07279.png,1.3934
6045,07280.png,1.3976
6046,07281.png,4.8259
6047,07283.png,1.2268
6048,07284.png,1.7635
6049,07285.png,1.7177
6050,07286.png,1.6705
6051,07287.png,1.4428
6052,07288.png,1.3791
6053,07289.png,1.2723
6054,07290.png,1.6026
6055,07291.png,1.3572
6056,07292.png,1.9692
6057,07294.png,1.3033
6058,07295.png,1.7191
6059,07296.png,1.9693
6060,07297.png,2.5582
6061,07298.png,1.9426
6062,07299.png,1.7065
6063,07300.png,1.8166
6064,07301.png,2.1915
6065,07303.png,2.2091
6066,07304.png,1.7973
6067,07306.png,1.1712
6068,07307.png,1.2423
6069,07309.png,1.4002
6070,07310.png,1.5016
6071,07311.png,2.9895
6072,07312.png,3.0233
6073,07313.png,1.7143
6074,07314.png,1.2557
6075,07315.png,1.4510
6076,07317.png,1.4687
6077,07318.png,1.6793
6078,07319.png,1.5303
6079,07321.png,1.2681
6080,07322.png,1.8954
6081,07323.png,1.6005
6082,07324.png,2.0201
6083,07325.png,1.1338
6084,07326.png,1.8403
6085,07327.png,1.3030
6086,07328.png,2.7387
6087,07329.png,2.1244
6088,07330.png,1.3943
6089,07332.png,1.5443
6090,07333.png,1.3467
6091,07334.png,3.7474
6092,07335.png,2.2515
6093,07336.png,1.6894
6094,07337.png,2.2161
6095,07338.png,1.7573
6096,07340.png,1.5048
6097,07341.png,1.2468
6098,07342.png,1.2147
6099,07343.png,3.9827
6100,07344.png,2.0438
6101,07345.png,2.0013
6102,07346.png,1.5561
6103,07348.png,1.5307
6104,07349.png,1.4060
6105,07350.png,1.4164
6106,07351.png,1.5988
6107,07352.png,1.6829
6108,07353.png,1.3992
6109,07354.png,1.3358
6110,07355.png,1.1960
6111,07356.png,1.5653
6112,07358.png,1.8435
6113,07360.png,1.5469
6114,07361.png,1.1112
6115,07362.png,5.7365
6116,07363.png,1.3813
6117,07364.png,1.1755
6118,07365.png,2.0133
6119,07366.png,1.2342
6120,07367.png,1.9747
6121,07368.png,1.7687
6122,07369.png,1.2873
6123,07370.png,1.2322
6124,07371.png,1.3276
6125,07373.png,1.4503
6126,07374.png,1.3663
6127,07376.png,1.1835
6128,07377.png,1.3710
6129,07378.png,1.2779
6130,07379.png,1.1140
6131,07380.png,1.2153
6132,07381.png,1.1235
6133,07382.png,1.3480
6134,07384.png,1.7995
6135,07385.png,2.9127
6136,07386.png,2.1850
6137,07387.png,1.3386
6138,07391.png,1.6925
6139,07392.png,2.4492
6140,07394.png,1.3335
6141,07395.png,1.4959
6142,07396.png,1.1069
6143,07398.png,1.1502
6144,07402.png,4.3934
6145,07403.png,1.2255
6146,07404.png,1.7146
6147,07405.png,1.3217
6148,07406.png,1.6155
6149,07408.png,1.3818
6150,07409.png,1.0832
6151,07410.png,1.4220
6152,07411.png,1.3597
6153,07412.png,1.5972
6154,07413.png,2.3672
6155,07414.png,1.6769
6156,07415.png,2.1723
6157,07416.png,2.0178
6158,07417.png,1.3146
6159,07418.png,1.8404
6160,07419.png,1.5234
6161,07420.png,1.3477
6162,07421.png,1.6086
6163,07422.png,1.4131
6164,07423.png,1.2759
6165,07424.png,1.4472
6166,07425.png,1.2061
6167,07426.png,1.4696
6168,07427.png,1.6730
6169,07429.png,1.1851
6170,07430.png,1.2855
6171,07431.png,1.2495
6172,07432.png,1.3591
6173,07433.png,1.6046
6174,07434.png,3.0787
6175,07436.png,1.4445
6176,07437.png,1.6277
6177,07438.png,1.3543
6178,07440.png,1.3067
6179,07441.png,1.3025
6180,07442.png,1.3537
6181,07443.png,1.2879
6182,07444.png,1.3319
6183,07445.png,1.4274
6184,07447.png,1.6151
6185,07449.png,3.2482
6186,07450.png,2.6539
6187,07451.png,1.3956
6188,07452.png,1.4724
6189,07453.png,1.4441
6190,07455.png,2.8863
6191,07456.png,1.4741
6192,07457.png,1.7874
6193,07458.png,1.7834
6194,07459.png,1.3089
6195,07460.png,1.2199
6196,07462.png,1.4681
6197,07463.png,1.2577
6198,07464.png,1.2402
6199,07465.png,1.3939
6200,07466.png,1.2875
6201,07467.png,1.2393
6202,07468.png,1.3211
6203,07469.png,1.8001
6204,07470.png,1.6369
6205,07471.png,1.3651
6206,07472.png,1.2865
6207,07473.png,1.5162
6208,07474.png,1.4014
6209,07476.png,1.2138
6210,07477.png,1.4764
6211,07478.png,2.4783
6212,07479.png,4.8008
6213,07481.png,2.4212
6214,07482.png,2.3249
6215,07483.png,1.4173
6216,07484.png,1.8447
6217,07485.png,1.3781
6218,07486.png,4.2836
6219,07487.png,7.5800
6220,07488.png,7.2508
6221,07489.png,4.6570
6222,07490.png,4.3853
6223,07491.png,1.2256
6224,07493.png,1.7637
6225,07494.png,2.9482
6226,07495.png,1.5603
6227,07496.png,4.3022
6228,07497.png,1.4736
6229,07498.png,1.4013
6230,07499.png,1.1712
6231,07501.png,1.2770
6232,07502.png,2.7604
6233,07503.png,3.9658
6234,07505.png,2.2542
6235,07507.png,1.2345
6236,07508.png,1.2078
6237,07509.png,1.1315
6238,07510.png,2.6864
6239,07512.png,1.9932
6240,07513.png,1.5569
6241,07514.png,1.2393
6242,07515.png,1.4258
6243,07516.png,1.3441
6244,07517.png,4.9587
6245,07518.png,1.3088
6246,07519.png,1.0946
6247,07520.png,1.3338
6248,07524.png,2.9448
6249,07526.png,1.6219
6250,07527.png,1.7082
6251,07529.png,1.5201
6252,07530.png,1.6249
6253,07531.png,1.5211
6254,07532.png,1.5512
6255,07533.png,1.1467
6256,07534.png,1.6491
6257,07536.png,2.4569
6258,07537.png,1.3099
6259,07538.png,1.6772
6260,07539.png,1.5689
6261,07540.png,1.7080
6262,07541.png,1.2512
6263,07542.png,1.0826
6264,07543.png,1.4133
6265,07544.png,1.7448
6266,07545.png,1.3260
6267,07546.png,4.6188
6268,07547.png,1.5031
6269,07548.png,1.2403
6270,07549.png,1.6530
6271,07550.png,1.9297
6272,07551.png,1.1661
6273,07552.png,1.2046
6274,07553.png,3.0915
6275,07554.png,1.9212
6276,07555.png,1.7340
6277,07556.png,1.3767
6278,07558.png,1.3289
6279,07560.png,1.5198
6280,07561.png,1.4439
6281,07562.png,1.2505
6282,07563.png,1.3158
6283,07564.png,1.4078
6284,07565.png,1.1654
6285,07566.png,1.2307
6286,07567.png,1.4644
6287,07569.png,1.1441
6288,07570.png,1.3243
6289,07571.png,3.3228
6290,07572.png,1.4976
6291,07574.png,1.2753
6292,07576.png,1.6578
6293,07577.png,1.8324
6294,07578.png,1.8925
6295,07579.png,1.4911
6296,07580.png,1.4677
6297,07581.png,1.3448
6298,07582.png,1.5565
6299,07583.png,1.3030
6300,07584.png,2.3029
6301,07585.png,1.4351
6302,07586.png,1.7145
6303,07587.png,1.0687
6304,07589.png,3.2793
6305,07590.png,1.7871
6306,07591.png,2.1286
6307,07592.png,1.9647
6308,07594.png,1.5329
6309,07595.png,1.3256
6310,07596.png,1.2515
6311,07598.png,1.3111
6312,07599.png,1.2034
6313,07600.png,2.2731
6314,07601.png,2.5862
6315,07602.png,4.4541
6316,07603.png,1.8181
6317,07606.png,1.5018
6318,07607.png,1.3197
6319,07609.png,1.6519
6320,07611.png,2.2737
6321,07612.png,3.3923
6322,07613.png,1.4052
6323,07614.png,1.3891
6324,07615.png,4.1813
6325,07616.png,3.9290
6326,07617.png,3.9484
6327,07619.png,5.4865
6328,07620.png,5.0923
6329,07621.png,4.9163
6330,07622.png,5.6797
6331,07623.png,4.0090
6332,07624.png,4.0143
6333,07626.png,5.0499
6334,07628.png,5.1521
6335,07629.png,3.1498
6336,07630.png,3.3759
6337,07632.png,4.5715
6338,07634.png,4.7013
6339,07635.png,3.1509
6340,07636.png,3.3965
6341,07637.png,3.1009
6342,07638.png,3.2744
6343,07639.png,3.4742
6344,07640.png,2.4676
6345,07641.png,2.9132
6346,07643.png,2.9571
6347,07644.png,1.8824
6348,07645.png,4.1415
6349,07647.png,1.2444
6350,07648.png,1.2328
6351,07649.png,1.4403
6352,07650.png,1.5937
6353,07651.png,1.2915
6354,07653.png,1.2891
6355,07654.png,2.4507
6356,07655.png,4.1793
6357,07656.png,3.9600
6358,07657.png,1.4483
6359,07658.png,1.7681
6360,07659.png,2.1532
6361,07660.png,3.8044
6362,07661.png,2.5667
6363,07663.png,2.0044
6364,07664.png,1.8794
6365,07665.png,1.2847
6366,07666.png,1.2644
6367,07669.png,1.3918
6368,07670.png,3.2965
6369,07671.png,2.6609
6370,07672.png,3.3278
6371,07673.png,2.1755
6372,07674.png,1.5478
6373,07675.png,1.9800
6374,07676.png,1.3176
6375,07678.png,1.4021
6376,07679.png,1.4653
6377,07680.png,1.4821
6378,07681.png,1.2365
6379,07682.png,1.4312
6380,07683.png,2.4006
6381,07684.png,1.5276
6382,07685.png,1.2178
6383,07686.png,1.8169
6384,07687.png,3.3867
6385,07688.png,3.5927
6386,07689.png,1.5343
6387,07690.png,4.4147
6388,07691.png,1.6243
6389,07692.png,4.4142
6390,07694.png,2.3136
6391,07695.png,2.5033
6392,07696.png,4.1238
6393,07697.png,4.6549
6394,07698.png,1.6620
6395,07699.png,1.5074
6396,07701.png,2.1180
6397,07702.png,3.4350
6398,07703.png,1.1948
6399,07705.png,1.0988
6400,07706.png,1.6620
6401,07707.png,1.2975
6402,07708.png,1.1227
6403,07709.png,1.0430
6404,07710.png,1.7979
6405,07711.png,1.8058
6406,07712.png,1.5791
6407,07714.png,1.4091
6408,07715.png,1.3261
6409,07716.png,1.3722
6410,07718.png,1.2949
6411,07719.png,2.1592
6412,07720.png,2.9066
6413,07721.png,4.2441
6414,07722.png,1.8089
6415,07723.png,1.8726
6416,07724.png,1.2816
6417,07725.png,1.2029
6418,07726.png,3.3885
6419,07727.png,1.6986
6420,07728.png,2.4673
6421,07729.png,1.2094
6422,07730.png,3.0020
6423,07731.png,1.9950
6424,07732.png,1.7863
6425,07734.png,1.4613
6426,07736.png,1.2678
6427,07737.png,1.2004
6428,07738.png,1.3481
6429,07739.png,1.1602
6430,07740.png,2.1803
6431,07741.png,1.7898
6432,07742.png,1.8558
6433,07743.png,2.5808
6434,07744.png,1.4908
6435,07745.png,1.6560
6436,07746.png,1.3614
6437,07747.png,2.0382
6438,07749.png,3.2969
6439,07750.png,3.4570
6440,07753.png,2.6874
6441,07754.png,1.4322
6442,07755.png,1.7166
6443,07756.png,1.2187
6444,07757.png,1.3486
6445,07758.png,1.7963
6446,07759.png,1.3110
6447,07760.png,1.4279
6448,07761.png,1.3037
6449,07762.png,3.2795
6450,07763.png,1.9450
6451,07765.png,1.5253
6452,07766.png,1.9259
6453,07767.png,1.3030
6454,07768.png,1.0813
6455,07769.png,1.5523
6456,07770.png,2.1125
6457,07771.png,4.3524
6458,07772.png,1.7503
6459,07774.png,3.0303
6460,07775.png,2.6964
6461,07776.png,1.7818
6462,07777.png,1.4344
6463,07778.png,2.0731
6464,07779.png,1.7426
6465,07780.png,1.3470
6466,07781.png,1.9098
6467,07782.png,1.6945
6468,07783.png,1.5518
6469,07785.png,1.4282
6470,07787.png,2.2212
6471,07788.png,1.6308
6472,07789.png,3.5630
6473,07790.png,1.8438
6474,07791.png,1.4935
6475,07792.png,1.2703
6476,07793.png,1.7183
6477,07794.png,1.3814
6478,07795.png,1.8831
6479,07796.png,1.8029
6480,07797.png,1.8155
6481,07798.png,1.5158
6482,07799.png,1.3274
6483,07800.png,1.9064
6484,07801.png,1.7624
6485,07802.png,1.4400
6486,07804.png,1.3341
6487,07805.png,1.2360
6488,07806.png,1.2816
6489,07807.png,1.5418
6490,07808.png,5.1769
6491,07810.png,1.7001
6492,07812.png,1.6603
6493,07813.png,1.7702
6494,07815.png,1.4072
6495,07817.png,1.2362
6496,07818.png,1.4507
6497,07819.png,1.6737
6498,07821.png,3.5991
6499,07822.png,3.6913
6500,07823.png,1.7655
6501,07824.png,2.2324
6502,07825.png,2.2592
6503,07827.png,1.6240
6504,07828.png,1.6094
6505,07829.png,2.2442
6506,07830.png,2.0646
6507,07831.png,1.6580
6508,07832.png,1.7109
6509,07833.png,1.6476
6510,07834.png,1.9926
6511,07835.png,3.8196
6512,07836.png,1.7385
6513,07837.png,1.1733
6514,07838.png,3.2636
6515,07840.png,1.5679
6516,07841.png,3.5716
6517,07842.png,4.2646
6518,07844.png,1.4622
6519,07846.png,1.6104
6520,07847.png,2.8027
6521,07848.png,1.1943
6522,07849.png,1.2483
6523,07850.png,1.2238
6524,07851.png,1.6980
6525,07852.png,5.0049
6526,07853.png,2.5164
6527,07854.png,1.8316
6528,07855.png,1.5522
6529,07856.png,2.1286
6530,07857.png,1.3589
6531,07858.png,2.0480
6532,07859.png,1.3662
6533,07860.png,2.7740
6534,07861.png,1.3735
6535,07862.png,1.2054
6536,07864.png,2.7312
6537,07866.png,3.4659
6538,07867.png,1.3432
6539,07868.png,1.2314
6540,07869.png,1.5725
6541,07870.png,1.3841
6542,07871.png,1.8204
6543,07872.png,2.9258
6544,07873.png,1.6324
6545,07874.png,1.4763
6546,07875.png,1.1854
6547,07876.png,1.2881
6548,07877.png,1.2813
6549,07878.png,1.3791
6550,07879.png,1.3362
6551,07880.png,1.3784
6552,07882.png,3.5239
6553,07883.png,1.5721
6554,07885.png,1.4929
6555,07886.png,1.2839
6556,07888.png,1.8788
6557,07889.png,2.2444
6558,07890.png,1.4912
6559,07891.png,1.1077
6560,07892.png,2.3194
6561,07893.png,1.7807
6562,07894.png,1.3467
6563,07895.png,1.1553
6564,07896.png,1.3899
6565,07897.png,2.3594
6566,07898.png,2.8636
6567,07899.png,1.5298
6568,07900.png,1.7350
6569,07901.png,1.8489
6570,07902.png,1.2489
6571,07903.png,2.3082
6572,07905.png,1.8524
6573,07906.png,1.7117
6574,07908.png,2.2809
6575,07909.png,1.8492
6576,07910.png,1.5446
6577,07911.png,2.1827
6578,07912.png,2.2780
6579,07913.png,1.4181
6580,07914.png,1.9337
6581,07915.png,1.3810
6582,07916.png,1.5374
6583,07917.png,1.1506
6584,07918.png,1.3879
6585,07921.png,1.4479
6586,07922.png,1.5187
6587,07924.png,4.6255
6588,07925.png,2.1854
6589,07926.png,1.1777
6590,07927.png,1.3347
6591,07929.png,1.3430
6592,07931.png,2.0021
6593,07932.png,1.1425
6594,07934.png,2.8605
6595,07935.png,1.2231
6596,07936.png,1.2496
6597,07937.png,1.6886
6598,07938.png,1.2814
6599,07940.png,1.1615
6600,07941.png,1.3207
6601,07942.png,1.2957
6602,07943.png,2.0146
6603,07944.png,1.7033
6604,07945.png,1.6394
6605,07946.png,1.9228
6606,07947.png,1.3014
6607,07948.png,1.3940
6608,07951.png,1.6933
6609,07952.png,1.5425
6610,07953.png,1.6933
6611,07954.png,1.3595
6612,07955.png,1.3464
6613,07956.png,1.4970
6614,07957.png,1.6313
6615,07958.png,1.5739
6616,07959.png,1.7130
6617,07960.png,1.4423
6618,07961.png,1.2720
6619,07962.png,1.6011
6620,07963.png,1.2307
6621,07964.png,1.2819
6622,07965.png,1.1628
6623,07966.png,2.0213
6624,07967.png,1.8378
6625,07968.png,1.6637
6626,07969.png,1.2254
6627,07970.png,2.1264
6628,07971.png,1.2140
6629,07972.png,1.3016
6630,07974.png,1.4122
6631,07975.png,1.3707
6632,07976.png,1.1605
6633,07978.png,1.1891
6634,07979.png,1.1903
6635,07981.png,1.4754
6636,07982.png,4.6668
6637,07983.png,1.7266
6638,07984.png,1.7986
6639,07985.png,3.4329
6640,07986.png,2.5519
6641,07987.png,1.4256
6642,07989.png,1.5813
6643,07990.png,1.4353
6644,07994.png,1.3366
6645,07997.png,1.1791
6646,07998.png,1.3649
6647,07999.png,1.2612
6648,08001.png,1.3114
6649,08002.png,1.1535
6650,08003.png,1.1409
6651,08004.png,2.5144
6652,08005.png,1.7158
6653,08006.png,3.8613
6654,08008.png,2.8997
6655,08009.png,2.5929
6656,08011.png,1.6728
6657,08012.png,1.2084
6658,08013.png,1.2853
6659,08014.png,1.2777
6660,08016.png,1.2704
6661,08017.png,2.5991
6662,08018.png,1.3011
6663,08019.png,1.4376
6664,08020.png,2.3730
6665,08021.png,1.1455
6666,08022.png,1.4795
6667,08023.png,3.0093
6668,08024.png,2.4108
6669,08025.png,1.3406
6670,08026.png,1.6299
6671,08027.png,1.5845
6672,08028.png,1.3063
6673,08029.png,1.3697
6674,08030.png,1.2859
6675,08031.png,2.1253
6676,08032.png,1.7989
6677,08033.png,1.4815
6678,08034.png,2.0399
6679,08035.png,1.3413
6680,08036.png,1.8993
6681,08037.png,1.7143
6682,08040.png,1.9240
6683,08041.png,1.1601
6684,08042.png,1.3238
6685,08044.png,1.3009
6686,08045.png,1.8437
6687,08047.png,1.3092
6688,08048.png,3.0684
6689,08049.png,1.2074
6690,08050.png,1.2326
6691,08051.png,1.7124
6692,08052.png,2.6372
6693,08053.png,1.7057
6694,08054.png,1.5968
6695,08055.png,1.4291
6696,08056.png,1.3627
6697,08057.png,1.7159
6698,08058.png,1.2675
6699,08059.png,1.4978
6700,08060.png,1.2288
6701,08062.png,1.4681
6702,08064.png,1.2127
6703,08065.png,1.3615
6704,08066.png,1.2432
6705,08067.png,1.2499
6706,08068.png,1.7395
6707,08069.png,1.4649
6708,08070.png,3.4514
6709,08071.png,1.5320
6710,08072.png,1.2850
6711,08073.png,1.6964
6712,08074.png,1.3946
6713,08075.png,1.4236
6714,08076.png,1.2014
6715,08077.png,1.6564
6716,08078.png,1.4000
6717,08079.png,2.3483
6718,08080.png,1.2905
6719,08081.png,1.4022
6720,08082.png,1.8389
6721,08083.png,1.1194
6722,08084.png,1.7300
6723,08085.png,1.2644
6724,08086.png,1.7831
6725,08087.png,1.2725
6726,08088.png,1.2298
6727,08089.png,2.1100
6728,08090.png,1.3961
6729,08091.png,1.2266
6730,08092.png,1.4534
6731,08093.png,1.4883
6732,08094.png,1.5976
6733,08095.png,1.1840
6734,08096.png,1.3017
6735,08097.png,1.4606
6736,08098.png,1.0950
6737,08099.png,1.4179
6738,08100.png,2.1737
6739,08103.png,1.6503
6740,08105.png,1.1647
6741,08106.png,1.6833
6742,08107.png,1.3394
6743,08109.png,1.2793
6744,08110.png,1.2645
6745,08111.png,1.4102
6746,08112.png,1.1172
6747,08113.png,1.4371
6748,08114.png,1.2027
6749,08115.png,2.2735
6750,08116.png,1.3829
6751,08117.png,2.1555
6752,08118.png,1.3139
6753,08119.png,1.5983
6754,08120.png,1.5904
6755,08121.png,1.4718
6756,08122.png,1.2900
6757,08123.png,1.5690
6758,08125.png,1.5894
6759,08127.png,1.5916
6760,08128.png,1.5747
6761,08129.png,1.3485
6762,08130.png,1.5324
6763,08131.png,2.0435
6764,08132.png,1.8280
6765,08133.png,1.1821
6766,08134.png,1.0729
6767,08135.png,1.6450
6768,08136.png,1.5604
6769,08137.png,1.2970
6770,08138.png,1.2402
6771,08139.png,1.5449
6772,08140.png,1.4294
6773,08141.png,1.3258
6774,08143.png,1.3414
6775,08144.png,1.5093
6776,08145.png,1.2258
6777,08146.png,1.3231
6778,08147.png,1.4327
6779,08148.png,3.1162
6780,08149.png,1.5780
6781,08150.png,1.2973
6782,08152.png,1.6002
6783,08154.png,2.1014
6784,08155.png,1.5052
6785,08156.png,1.3701
6786,08158.png,1.4589
6787,08159.png,1.3761
6788,08160.png,1.3064
6789,08161.png,1.8582
6790,08162.png,1.6401
6791,08163.png,1.3482
6792,08164.png,1.5277
6793,08165.png,1.3373
6794,08166.png,1.3456
6795,08167.png,1.5818
6796,08168.png,1.8378
6797,08169.png,1.2212
6798,08171.png,1.2482
6799,08172.png,3.6375
6800,08174.png,1.2059
6801,08175.png,1.4436
6802,08176.png,1.6826
6803,08177.png,2.7152
6804,08178.png,2.4003
6805,08180.png,1.4899
6806,08181.png,1.4854
6807,08182.png,1.8545
6808,08183.png,2.3944
6809,08184.png,1.9686
6810,08185.png,1.2922
6811,08186.png,3.9727
6812,08188.png,1.1779
6813,08190.png,2.1603
6814,08191.png,2.2372
6815,08192.png,1.4662
6816,08193.png,1.5645
6817,08194.png,1.4970
6818,08195.png,1.8265
6819,08196.png,1.3393
6820,08198.png,1.3058
6821,08199.png,1.5641
6822,08200.png,1.8003
6823,08201.png,3.1652
6824,08202.png,2.0548
6825,08203.png,2.1328
6826,08204.png,1.6720
6827,08206.png,1.3720
6828,08207.png,1.3900
6829,08209.png,1.4074
6830,08210.png,1.6273
6831,08211.png,2.3219
6832,08212.png,1.4770
6833,08213.png,1.4479
6834,08214.png,1.8876
6835,08215.png,1.2089
6836,08216.png,1.4704
6837,08217.png,1.4025
6838,08218.png,1.2771
6839,08219.png,1.9438
6840,08220.png,1.3501
6841,08221.png,4.5328
6842,08222.png,1.8376
6843,08223.png,2.2582
6844,08224.png,1.5568
6845,08225.png,1.5045
6846,08227.png,1.4320
6847,08231.png,1.1645
6848,08232.png,1.2719
6849,08233.png,4.7024
6850,08234.png,2.0509
6851,08236.png,2.0211
6852,08237.png,1.2387
6853,08238.png,1.8512
6854,08239.png,1.8006
6855,08241.png,1.5688
6856,08242.png,1.3861
6857,08243.png,1.0301
6858,08244.png,1.5389
6859,08245.png,1.9503
6860,08246.png,1.4029
6861,08247.png,1.4470
6862,08248.png,2.7436
6863,08249.png,1.7597
6864,08250.png,1.2235
6865,08251.png,1.4130
6866,08252.png,1.9983
6867,08253.png,1.7402
6868,08254.png,1.0806
6869,08255.png,1.3073
6870,08256.png,1.7073
6871,08257.png,1.8316
6872,08258.png,2.0332
6873,08259.png,1.9330
6874,08260.png,1.4061
6875,08261.png,1.5314
6876,08262.png,1.3437
6877,08263.png,1.3479
6878,08264.png,1.4063
6879,08266.png,2.1433
6880,08267.png,1.3530
6881,08268.png,1.5935
6882,08269.png,1.3249
6883,08270.png,1.5575
6884,08271.png,1.1177
6885,08272.png,1.4450
6886,08273.png,1.3634
6887,08274.png,1.2490
6888,08276.png,1.2649
6889,08277.png,1.5174
6890,08278.png,1.3602
6891,08279.png,1.1705
6892,08280.png,1.3864
6893,08281.png,1.3286
6894,08282.png,1.2777
6895,08284.png,1.2633
6896,08285.png,1.1941
6897,08287.png,1.5031
6898,08288.png,2.8298
6899,08289.png,1.5360
6900,08290.png,2.2170
6901,08291.png,2.5767
6902,08292.png,2.7576
6903,08293.png,3.2594
6904,08294.png,4.8586
6905,08295.png,1.9629
6906,08298.png,1.4494
6907,08299.png,1.4856
6908,08300.png,1.1539
6909,08301.png,1.3502
6910,08302.png,1.2964
6911,08304.png,2.2565
6912,08305.png,1.2104
6913,08306.png,1.3408
6914,08307.png,1.7924
6915,08308.png,2.9748
6916,08309.png,1.7213
6917,08310.png,1.2981
6918,08311.png,1.1060
6919,08313.png,1.6678
6920,08314.png,1.6929
6921,08315.png,1.3720
6922,08316.png,1.2552
6923,08318.png,1.6297
6924,08319.png,1.3710
6925,08320.png,1.0767
6926,08321.png,1.3206
6927,08322.png,1.7324
6928,08324.png,1.2729
6929,08325.png,1.4227
6930,08326.png,1.3922
6931,08327.png,2.0603
6932,08328.png,1.4084
6933,08329.png,1.3457
6934,08330.png,3.0336
6935,08331.png,3.9975
6936,08333.png,3.0600
6937,08334.png,5.2036
6938,08335.png,4.5207
6939,08336.png,3.6869
6940,08337.png,3.1686
6941,08342.png,4.5327
6942,08343.png,3.4206
6943,08344.png,3.5784
6944,08345.png,2.9352
6945,08346.png,2.7814
6946,08347.png,3.7950
6947,08350.png,3.0630
6948,08351.png,2.9272
6949,08352.png,3.3334
6950,08353.png,2.8495
6951,08354.png,3.5346
6952,08356.png,2.7693
6953,08357.png,4.1895
6954,08359.png,3.1607
6955,08360.png,4.3142
6956,08361.png,3.3512
6957,08363.png,4.1172
6958,08364.png,3.6517
6959,08366.png,3.4654
6960,08367.png,2.0316
6961,08368.png,1.9055
6962,08369.png,1.3269
6963,08371.png,1.7623
6964,08372.png,1.8287
6965,08373.png,2.5007
6966,08374.png,1.3656
6967,08375.png,1.5874
6968,08376.png,1.7903
6969,08377.png,3.7823
6970,08378.png,2.2964
6971,08379.png,2.0574
6972,08381.png,1.8730
6973,08382.png,1.6241
6974,08383.png,3.0260
6975,08384.png,3.2355
6976,08385.png,3.5799
6977,08386.png,3.8478
6978,08387.png,2.5529
6979,08388.png,2.0578
6980,08389.png,2.5160
6981,08390.png,2.3948
6982,08391.png,1.5231
6983,08392.png,2.4000
6984,08393.png,3.5627
6985,08394.png,1.7161
6986,08395.png,1.6779
6987,08396.png,1.4901
6988,08397.png,1.2367
6989,08398.png,1.4256
6990,08399.png,1.2760
6991,08400.png,1.3932
6992,08401.png,1.2291
6993,08402.png,1.9363
6994,08403.png,1.3476
6995,08404.png,1.3558
6996,08405.png,1.6012
6997,08406.png,2.0909
6998,08407.png,1.4683
6999,08408.png,2.4179
7000,08409.png,1.7363
7001,08411.png,1.9719
7002,08412.png,3.3686
7003,08413.png,1.6139
7004,08414.png,1.7888
7005,08415.png,1.9307
7006,08416.png,3.0393
7007,08417.png,1.4733
7008,08418.png,1.8014
7009,08419.png,2.0324
7010,08420.png,1.2278
7011,08421.png,1.3567
7012,08422.png,2.1305
7013,08423.png,1.3647
7014,08424.png,1.1182
7015,08425.png,1.6043
7016,08426.png,2.0012
7017,08427.png,2.6561
7018,08428.png,1.8347
7019,08430.png,1.4652
7020,08432.png,1.9855
7021,08433.png,2.5962
7022,08434.png,1.7930
7023,08436.png,1.3477
7024,08438.png,1.9248
7025,08439.png,1.5521
7026,08440.png,2.5803
7027,08441.png,1.8340
7028,08442.png,1.2328
7029,08443.png,1.3330
7030,08444.png,2.4614
7031,08445.png,2.9072
7032,08447.png,2.4428
7033,08448.png,1.4888
7034,08449.png,2.5745
7035,08450.png,1.4472
7036,08451.png,1.2893
7037,08452.png,1.2031
7038,08453.png,1.3732
7039,08454.png,3.5107
7040,08455.png,3.5448
7041,08456.png,1.8656
7042,08458.png,2.2437
7043,08459.png,1.6444
7044,08460.png,3.2251
7045,08461.png,2.1518
7046,08462.png,1.3195
7047,08463.png,2.1728
7048,08464.png,1.7343
7049,08465.png,1.5445
7050,08466.png,1.4892
7051,08467.png,1.4789
7052,08468.png,1.3660
7053,08470.png,1.2281
7054,08471.png,2.6912
7055,08472.png,1.9497
7056,08473.png,1.3520
7057,08474.png,1.7714
7058,08475.png,1.3894
7059,08476.png,1.2813
7060,08477.png,4.6718
7061,08478.png,1.5637
7062,08479.png,1.3143
7063,08481.png,1.5651
7064,08483.png,1.2511
7065,08484.png,1.2491
7066,08489.png,1.1634
7067,08490.png,1.3165
7068,08491.png,1.3011
7069,08492.png,1.3609
7070,08493.png,1.5328
7071,08494.png,1.2470
7072,08496.png,1.3710
7073,08498.png,1.3069
7074,08500.png,2.2302
7075,08502.png,1.3525
7076,08504.png,2.0750
7077,08505.png,1.1510
7078,08506.png,1.3807
7079,08507.png,1.4406
7080,08508.png,1.0729
7081,08509.png,1.4582
7082,08511.png,1.4423
7083,08512.png,1.3390
7084,08513.png,1.1707
7085,08514.png,1.4258
7086,08515.png,1.3255
7087,08517.png,1.8673
7088,08518.png,1.1918
7089,08519.png,1.2186
7090,08520.png,1.9268
7091,08521.png,1.7087
7092,08522.png,1.5653
7093,08523.png,1.2655
7094,08524.png,1.2043
7095,08525.png,1.5278
7096,08526.png,1.6283
7097,08527.png,1.4444
7098,08528.png,1.2609
7099,08529.png,1.4238
7100,08530.png,1.1597
7101,08531.png,2.7210
7102,08532.png,1.5641
7103,08534.png,1.3762
7104,08535.png,1.2600
7105,08536.png,1.4118
7106,08537.png,1.1666
7107,08538.png,1.8345
7108,08539.png,1.2741
7109,08540.png,1.8249
7110,08541.png,1.2214
7111,08543.png,2.5346
7112,08544.png,1.2426
7113,08545.png,1.2752
7114,08547.png,1.2537
7115,08548.png,1.9891
7116,08550.png,1.2336
7117,08551.png,1.5297
7118,08552.png,1.1664
7119,08553.png,3.2246
7120,08554.png,2.1072
7121,08555.png,1.4104
7122,08556.png,1.1499
7123,08557.png,1.6456
7124,08558.png,1.5941
7125,08559.png,1.6734
7126,08562.png,1.6431
7127,08563.png,2.4449
7128,08564.png,1.3641
7129,08565.png,1.6291
7130,08566.png,1.1474
7131,08567.png,1.3580
7132,08568.png,1.2733
7133,08569.png,1.4182
7134,08571.png,1.1211
7135,08572.png,2.1085
7136,08573.png,2.5236
7137,08574.png,1.5081
7138,08575.png,1.2882
7139,08577.png,1.6117
7140,08578.png,1.1787
7141,08579.png,1.4871
7142,08580.png,1.3673
7143,08582.png,1.9773
7144,08583.png,1.6691
7145,08585.png,1.8559
7146,08586.png,1.5074
7147,08589.png,1.3107
7148,08590.png,1.5365
7149,08592.png,1.3397
7150,08594.png,1.7482
7151,08595.png,1.7738
7152,08597.png,1.7861
7153,08598.png,1.3965
7154,08599.png,1.4877
7155,08600.png,2.7357
7156,08601.png,1.3538
7157,08602.png,1.8421
7158,08604.png,1.3598
7159,08605.png,1.4849
7160,08606.png,1.4438
7161,08607.png,2.0238
7162,08608.png,2.8141
7163,08609.png,2.2302
7164,08610.png,2.3402
7165,08611.png,2.1510
7166,08612.png,1.4203
7167,08614.png,1.7703
7168,08616.png,1.8418
7169,08617.png,1.4044
7170,08618.png,1.4901
7171,08619.png,1.9287
7172,08621.png,1.2481
7173,08622.png,1.3460
7174,08623.png,1.1154
7175,08625.png,1.8138
7176,08626.png,1.6446
7177,08627.png,1.5341
7178,08628.png,1.4657
7179,08629.png,1.6254
7180,08630.png,1.6051
7181,08631.png,2.1340
7182,08632.png,1.0909
7183,08633.png,1.3783
7184,08634.png,1.4704
7185,08635.png,1.6752
7186,08636.png,1.4493
7187,08637.png,1.4965
7188,08638.png,1.4891
7189,08639.png,1.3133
7190,08640.png,2.2010
7191,08641.png,2.1572
7192,08642.png,1.7556
7193,08643.png,1.7292
7194,08644.png,1.8386
7195,08645.png,1.3756
7196,08646.png,1.3913
7197,08647.png,1.0800
7198,08648.png,1.2836
7199,08649.png,1.4156
7200,08650.png,1.3501
7201,08651.png,1.2102
7202,08652.png,1.1292
7203,08653.png,1.3080
7204,08654.png,1.9401
7205,08655.png,2.3711
7206,08656.png,1.6903
7207,08658.png,1.2076
7208,08659.png,1.2397
7209,08660.png,1.1936
7210,08661.png,2.1475
7211,08662.png,1.6067
7212,08663.png,1.1320
7213,08665.png,1.5618
7214,08666.png,1.5423
7215,08667.png,2.7128
7216,08668.png,2.8845
7217,08669.png,2.9461
7218,08670.png,1.1345
7219,08671.png,1.4911
7220,08672.png,1.5530
7221,08674.png,2.2444
7222,08675.png,1.7517
7223,08676.png,1.8875
7224,08679.png,3.6792
7225,08680.png,1.6807
7226,08681.png,1.2065
7227,08683.png,1.3429
7228,08684.png,2.5325
7229,08687.png,2.0716
7230,08688.png,1.7618
7231,08689.png,1.3836
7232,08690.png,1.2265
7233,08691.png,2.3238
7234,08692.png,1.2768
7235,08693.png,1.8055
7236,08694.png,2.3993
7237,08695.png,1.5475
7238,08696.png,1.5170
7239,08698.png,1.5035
7240,08701.png,1.5005
7241,08703.png,2.7883
7242,08704.png,1.7113
7243,08706.png,2.6729
7244,08707.png,1.1827
7245,08708.png,2.3533
7246,08709.png,1.4576
7247,08710.png,4.7268
7248,08711.png,1.7219
7249,08712.png,1.1547
7250,08713.png,1.2026
7251,08714.png,2.5830
7252,08715.png,2.2977
7253,08716.png,1.5051
7254,08717.png,1.7934
7255,08718.png,1.7356
7256,08719.png,1.4309
7257,08720.png,1.2583
7258,08721.png,1.6264
7259,08723.png,1.3743
7260,08724.png,1.3650
7261,08725.png,1.1916
7262,08726.png,1.2309
7263,08727.png,1.6029
7264,08728.png,2.1658
7265,08729.png,1.1795
7266,08731.png,1.5788
7267,08732.png,1.5950
7268,08733.png,1.3275
7269,08734.png,1.0980
7270,08736.png,1.4095
7271,08737.png,1.5508
7272,08738.png,1.3788
7273,08739.png,1.2422
7274,08740.png,1.5478
7275,08742.png,1.4706
7276,08743.png,2.8900
7277,08744.png,1.4811
7278,08745.png,2.4846
7279,08746.png,1.5150
7280,08747.png,1.1470
7281,08748.png,1.1088
7282,08749.png,2.0219
7283,08750.png,1.6250
7284,08752.png,1.5654
7285,08753.png,1.6353
7286,08754.png,2.3867
7287,08755.png,1.3775
7288,08756.png,1.2386
7289,08757.png,2.7694
7290,08758.png,1.4955
7291,08762.png,1.2608
7292,08763.png,1.9923
7293,08764.png,1.3402
7294,08765.png,1.7520
7295,08766.png,1.1159
7296,08767.png,1.7784
7297,08768.png,1.1468
7298,08771.png,1.8633
7299,08772.png,1.4177
7300,08773.png,1.2230
7301,08774.png,1.0738
7302,08775.png,1.5252
7303,08776.png,2.1931
7304,08777.png,1.6383
7305,08778.png,1.3869
7306,08779.png,2.9684
7307,08780.png,3.0708
7308,08781.png,1.8005
7309,08782.png,1.2043
7310,08783.png,2.4497
7311,08785.png,1.2626
7312,08786.png,1.9255
7313,08787.png,1.2731
7314,08788.png,1.3206
7315,08789.png,1.2343
7316,08790.png,1.3120
7317,08791.png,1.3675
7318,08792.png,2.3499
7319,08793.png,3.0472
7320,08794.png,1.7382
7321,08795.png,1.7186
7322,08796.png,1.3426
7323,08797.png,1.4691
7324,08798.png,1.3958
7325,08799.png,1.3834
7326,08800.png,1.1529
7327,08801.png,1.0946
7328,08802.png,1.0500
7329,08803.png,1.7801
7330,08804.png,1.9814
7331,08805.png,1.2990
7332,08806.png,1.2996
7333,08808.png,1.3495
7334,08809.png,1.3526
7335,08811.png,1.3412
7336,08812.png,1.3651
7337,08813.png,1.2972
7338,08814.png,1.6135
7339,08816.png,1.1931
7340,08819.png,1.1758
7341,08820.png,1.3829
7342,08822.png,1.3760
7343,08823.png,1.3246
7344,08825.png,1.4147
7345,08827.png,1.2011
7346,08828.png,1.5197
7347,08829.png,1.3828
7348,08830.png,1.2332
7349,08831.png,1.1920
7350,08832.png,1.3446
7351,08833.png,1.3800
7352,08834.png,1.5642
7353,08835.png,1.2853
7354,08836.png,1.4156
7355,08838.png,1.2671
7356,08839.png,1.3698
7357,08840.png,1.5899
7358,08841.png,2.9222
7359,08842.png,1.5871
7360,08844.png,2.2346
7361,08845.png,2.3762
7362,08848.png,1.3129
7363,08849.png,1.6466
7364,08850.png,1.3902
7365,08851.png,1.4600
7366,08852.png,2.0791
7367,08854.png,1.6057
7368,08855.png,1.3706
7369,08857.png,1.7503
7370,08859.png,1.2765
7371,08860.png,3.8632
7372,08861.png,1.7949
7373,08863.png,2.1941
7374,08865.png,1.5395
7375,08866.png,2.0723
7376,08867.png,1.4835
7377,08868.png,1.1324
7378,08869.png,1.3820
7379,08870.png,1.6429
7380,08871.png,2.3440
7381,08872.png,1.4084
7382,08873.png,1.5433
7383,08874.png,1.5054
7384,08875.png,1.3892
7385,08877.png,1.5413
7386,08878.png,1.4162
7387,08880.png,1.4538
7388,08881.png,1.6516
7389,08882.png,1.2801
7390,08883.png,3.4794
7391,08884.png,1.8479
7392,08885.png,1.2431
7393,08886.png,1.3865
7394,08887.png,1.4136
7395,08888.png,1.2527
7396,08891.png,1.0883
7397,08892.png,2.1265
7398,08894.png,1.2926
7399,08895.png,1.5167
7400,08896.png,1.2673
7401,08898.png,1.4850
7402,08902.png,1.5055
7403,08903.png,1.4330
7404,08904.png,1.3177
7405,08905.png,2.4757
7406,08907.png,1.3345
7407,08908.png,1.3372
7408,08910.png,1.1928
7409,08911.png,2.3094
7410,08912.png,1.9064
7411,08913.png,1.4760
7412,08914.png,1.2733
7413,08915.png,4.1650
7414,08916.png,1.4535
7415,08917.png,2.9217
7416,08919.png,3.9362
7417,08920.png,1.6609
7418,08921.png,3.3485
7419,08922.png,2.4860
7420,08923.png,1.2828
7421,08924.png,2.8446
7422,08926.png,2.1284
7423,08927.png,3.6278
7424,08928.png,1.9583
7425,08929.png,2.6138
7426,08931.png,3.0770
7427,08932.png,2.7675
7428,08933.png,1.3863
7429,08934.png,2.5559
7430,08935.png,2.6704
7431,08936.png,2.5675
7432,08937.png,2.3075
7433,08940.png,2.8035
7434,08941.png,2.4753
7435,08942.png,2.9678
7436,08943.png,1.2909
7437,08945.png,1.6886
7438,08946.png,1.3377
7439,08947.png,2.4400
7440,08948.png,2.4636
7441,08949.png,1.5108
7442,08950.png,1.1647
7443,08951.png,1.3331
7444,08952.png,1.2897
7445,08953.png,1.6007
7446,08954.png,3.2497
7447,08955.png,3.2263
7448,08956.png,2.5973
7449,08958.png,1.2472
7450,08959.png,4.7051
7451,08961.png,2.3091
7452,08962.png,1.6130
7453,08963.png,2.1888
7454,08964.png,2.3154
7455,08965.png,2.9841
7456,08966.png,2.6231
7457,08967.png,2.3419
7458,08969.png,2.8438
7459,08970.png,1.1685
7460,08971.png,2.9010
7461,08972.png,2.5709
7462,08975.png,1.9708
7463,08976.png,2.6714
7464,08977.png,3.1522
7465,08978.png,1.5323
7466,08980.png,1.6988
7467,08981.png,1.3484
7468,08982.png,1.3880
7469,08983.png,1.4196
7470,08984.png,1.6097
7471,08985.png,1.2314
7472,08986.png,1.1443
7473,08987.png,1.2063
7474,08989.png,1.3886
7475,08990.png,1.4172
7476,08991.png,1.7060
7477,08992.png,1.4659
7478,08993.png,1.3668
7479,08994.png,1.4510
7480,08995.png,1.9305
7481,08996.png,1.3416
7482,08997.png,1.2060
7483,08998.png,1.9781
7484,08999.png,1.2383
7485,09001.png,1.2932
7486,09003.png,1.3703
7487,09004.png,1.2893
7488,09005.png,1.5661
7489,09008.png,1.0957
7490,09009.png,1.4714
7491,09010.png,1.4832
7492,09011.png,1.2254
7493,09013.png,1.1935
7494,09014.png,1.5609
7495,09015.png,1.3209
7496,09016.png,1.2440
7497,09018.png,1.2621
7498,09020.png,1.5394
7499,09021.png,1.1398
7500,09022.png,1.1993
7501,09023.png,1.2322
7502,09025.png,1.5407
7503,09027.png,1.1916
7504,09028.png,3.0647
7505,09029.png,1.1991
7506,09030.png,1.4495
7507,09032.png,1.2464
7508,09033.png,1.1894
7509,09034.png,1.0983
7510,09035.png,1.5360
7511,09036.png,1.6364
7512,09037.png,1.6609
7513,09038.png,1.3387
7514,09040.png,1.3802
7515,09041.png,1.2848
7516,09042.png,1.3323
7517,09043.png,1.4140
7518,09044.png,1.3496
7519,09045.png,1.2264
7520,09047.png,1.3570
7521,09048.png,1.2809
7522,09050.png,1.1890
7523,09052.png,2.3345
7524,09053.png,1.6171
7525,09054.png,1.1255
7526,09055.png,1.2525
7527,09056.png,1.6129
7528,09057.png,1.2474
7529,09058.png,1.1314
7530,09059.png,1.3765
7531,09060.png,1.2218
7532,09061.png,1.1959
7533,09062.png,1.2548
7534,09063.png,1.2172
7535,09065.png,1.2167
7536,09067.png,1.2904
7537,09069.png,1.1091
7538,09070.png,1.4585
7539,09071.png,1.2800
7540,09072.png,1.5185
7541,09073.png,1.3298
7542,09074.png,3.4426
7543,09075.png,1.5224
7544,09076.png,1.1458
7545,09079.png,1.4718
7546,09080.png,1.2921
7547,09082.png,1.1717
7548,09083.png,1.4022
7549,09084.png,1.3278
7550,09085.png,1.7771
7551,09086.png,1.3475
7552,09087.png,1.2495
7553,09089.png,2.0966
7554,09090.png,2.1961
7555,09091.png,1.7126
7556,09092.png,1.1790
7557,09093.png,1.8078
7558,09094.png,1.2560
7559,09095.png,1.7939
7560,09096.png,1.5534
7561,09097.png,1.3374
7562,09098.png,1.2864
7563,09099.png,1.2042
7564,09100.png,1.2570
7565,09102.png,1.2873
7566,09103.png,1.7103
7567,09104.png,2.2238
7568,09107.png,2.4534
7569,09108.png,1.6201
7570,09109.png,1.2580
7571,09110.png,1.2079
7572,09112.png,1.4604
7573,09113.png,1.2951
7574,09114.png,2.0302
7575,09115.png,1.8016
7576,09116.png,1.4523
7577,09117.png,1.2527
7578,09118.png,1.5199
7579,09119.png,1.3135
7580,09121.png,1.2556
7581,09122.png,4.4629
7582,09123.png,1.5584
7583,09124.png,2.8218
7584,09125.png,1.3305
7585,09126.png,2.3666
7586,09127.png,2.8338
7587,09128.png,2.7480
7588,09130.png,2.4739
7589,09131.png,1.3846
7590,09132.png,1.5481
7591,09134.png,1.2177
7592,09135.png,1.1819
7593,09136.png,1.4381
7594,09137.png,1.3248
7595,09138.png,3.1148
7596,09139.png,2.8303
7597,09142.png,1.2147
7598,09143.png,1.6491
7599,09144.png,1.9206
7600,09145.png,2.6712
7601,09146.png,2.5543
7602,09147.png,2.6175
7603,09148.png,2.5457
7604,09149.png,2.2855
7605,09150.png,2.7840
7606,09151.png,2.4920
7607,09153.png,1.1646
7608,09154.png,2.7600
7609,09155.png,1.5003
7610,09156.png,1.4102
7611,09158.png,2.9049
7612,09161.png,2.4938
7613,09162.png,1.5095
7614,09163.png,3.0238
7615,09164.png,2.8141
7616,09165.png,3.1800
7617,09166.png,1.4530
7618,09168.png,3.0030
7619,09169.png,1.3105
7620,09171.png,1.6301
7621,09172.png,1.0890
7622,09173.png,1.3076
7623,09174.png,1.2489
7624,09175.png,1.3535
7625,09176.png,2.7192
7626,09180.png,2.9803
7627,09181.png,2.6340
7628,09182.png,1.3767
7629,09183.png,1.1327
7630,09184.png,1.3585
7631,09186.png,1.3190
7632,09187.png,1.2793
7633,09189.png,1.2349
7634,09191.png,1.3017
7635,09192.png,1.4550
7636,09193.png,1.3831
7637,09196.png,1.5101
7638,09198.png,1.8041
7639,09199.png,2.0034
7640,09200.png,1.1623
7641,09202.png,1.2621
7642,09203.png,1.4647
7643,09204.png,1.2291
7644,09206.png,1.1502
7645,09207.png,1.2039
7646,09208.png,1.3495
7647,09209.png,1.6548
7648,09210.png,1.4147
7649,09211.png,1.5054
7650,09212.png,1.7044
7651,09214.png,1.4423
7652,09215.png,1.3817
7653,09216.png,1.1276
7654,09217.png,1.3805
7655,09218.png,1.4485
7656,09219.png,1.2528
7657,09220.png,1.2794
7658,09221.png,1.5919
7659,09222.png,1.2907
7660,09223.png,1.5404
7661,09224.png,3.2597
7662,09225.png,1.4093
7663,09227.png,1.1529
7664,09228.png,1.1404
7665,09230.png,1.3362
7666,09231.png,1.9720
7667,09232.png,1.5830
7668,09234.png,1.2516
7669,09235.png,3.0107
7670,09236.png,3.5847
7671,09237.png,2.9776
7672,09238.png,3.2371
7673,09239.png,2.7729
7674,09241.png,13.0559
7675,09242.png,17.8279
7676,09243.png,2.9633
7677,09244.png,3.1398
7678,09245.png,3.5874
7679,09247.png,3.3483
7680,09248.png,3.1578
7681,09250.png,3.1865
7682,09251.png,2.8845
7683,09252.png,2.6731
7684,09253.png,2.5310
7685,09254.png,3.0227
7686,09255.png,2.7410
7687,09257.png,2.8416
7688,09258.png,3.4829
7689,09259.png,2.8764
7690,09260.png,3.3623
7691,09261.png,3.0763
7692,09262.png,3.1000
7693,09263.png,3.4324
7694,09264.png,4.1470
7695,09265.png,3.3073
7696,09266.png,2.9035
7697,09267.png,3.0864
7698,09268.png,2.9390
7699,09269.png,2.9774
7700,09270.png,3.1962
7701,09271.png,3.3207
7702,09272.png,3.0019
7703,09273.png,2.8495
7704,09274.png,3.1077
7705,09275.png,2.8822
7706,09276.png,3.0962
7707,09277.png,3.1558
7708,09278.png,3.0438
7709,09281.png,1.5973
7710,09283.png,1.8569
7711,09284.png,1.6518
7712,09285.png,2.6560
7713,09286.png,2.0468
7714,09287.png,1.4973
7715,09288.png,1.4047
7716,09289.png,1.6023
7717,09290.png,2.8660
7718,09293.png,2.0312
7719,09294.png,1.8073
7720,09296.png,1.6340
7721,09297.png,1.9519
7722,09298.png,1.6151
7723,09299.png,1.5869
7724,09300.png,2.4435
7725,09301.png,2.6153
7726,09302.png,1.6473
7727,09303.png,1.3753
7728,09304.png,1.4248
7729,09306.png,1.8745
7730,09309.png,1.5708
7731,09310.png,1.9978
7732,09311.png,1.3973
7733,09312.png,1.7330
7734,09313.png,1.4813
7735,09314.png,1.5327
7736,09315.png,1.4153
7737,09316.png,1.4820
7738,09317.png,3.5255
7739,09318.png,1.4935
7740,09319.png,1.3697
7741,09320.png,1.4443
7742,09321.png,1.4394
7743,09322.png,1.1125
7744,09323.png,1.4888
7745,09324.png,1.2392
7746,09325.png,1.2898
7747,09326.png,1.4573
7748,09327.png,1.2085
7749,09328.png,1.6131
7750,09329.png,1.2222
7751,09330.png,1.2147
7752,09331.png,1.1437
7753,09332.png,1.3733
7754,09333.png,1.2632
7755,09334.png,1.6816
7756,09336.png,1.2157
7757,09337.png,1.7770
7758,09338.png,1.3869
7759,09340.png,2.0988
7760,09341.png,1.3182
7761,09342.png,1.3264
7762,09343.png,1.2511
7763,09344.png,1.4553
7764,09345.png,1.2274
7765,09346.png,1.4641
7766,09347.png,1.3043
7767,09348.png,1.3848
7768,09349.png,1.2256
7769,09351.png,1.3260
7770,09352.png,4.8320
7771,09354.png,3.8481
7772,09355.png,1.7820
7773,09356.png,1.1301
7774,09357.png,1.9651
7775,09358.png,1.3044
7776,09359.png,1.7054
7777,09360.png,1.8231
7778,09361.png,1.2788
7779,09362.png,1.5596
7780,09363.png,1.2918
7781,09364.png,2.8178
7782,09365.png,1.7040
7783,09366.png,1.1183
7784,09367.png,1.2362
7785,09368.png,1.3478
7786,09371.png,1.1940
7787,09372.png,1.2376
7788,09373.png,1.7186
7789,09375.png,1.4187
7790,09376.png,1.6377
7791,09377.png,1.2760
7792,09378.png,1.2330
7793,09379.png,1.4198
7794,09380.png,1.3718
7795,09381.png,1.2108
7796,09382.png,1.7050
7797,09383.png,1.5821
7798,09384.png,2.3281
7799,09385.png,1.3933
7800,09386.png,1.5966
7801,09387.png,1.3630
7802,09389.png,1.0305
7803,09390.png,1.2810
7804,09391.png,1.2512
7805,09392.png,1.4751
7806,09393.png,1.3133
7807,09394.png,1.2783
7808,09395.png,1.9879
7809,09396.png,1.7932
7810,09397.png,1.5287
7811,09398.png,1.8706
7812,09400.png,1.6333
7813,09402.png,1.7738
7814,09403.png,1.5318
7815,09405.png,1.2118
7816,09406.png,1.8260
7817,09407.png,1.5816
7818,09408.png,1.3111
7819,09409.png,1.2091
7820,09413.png,1.3956
7821,09416.png,1.3392
7822,09417.png,1.1003
7823,09418.png,1.3415
7824,09420.png,1.0691
7825,09422.png,1.5247
7826,09423.png,1.0582
7827,09424.png,1.3319
7828,09425.png,1.2807
7829,09426.png,1.5018
7830,09428.png,1.5456
7831,09429.png,1.1510
7832,09430.png,1.2662
7833,09432.png,1.3537
7834,09435.png,1.4272
7835,09436.png,1.1986
7836,09437.png,1.0684
7837,09438.png,1.3105
7838,09439.png,1.0698
7839,09440.png,2.2405
7840,09441.png,1.2688
7841,09442.png,1.3961
7842,09443.png,1.5408
7843,09444.png,1.2865
7844,09446.png,1.1324
7845,09448.png,1.7175
7846,09449.png,1.3278
7847,09450.png,1.4157
7848,09451.png,1.2634
7849,09452.png,4.4033
7850,09453.png,1.4682
7851,09454.png,1.4149
7852,09455.png,1.6662
7853,09456.png,1.7084
7854,09457.png,1.2196
7855,09459.png,1.0959
7856,09461.png,1.3253
7857,09462.png,1.3723
7858,09464.png,1.2913
7859,09465.png,1.3792
7860,09466.png,1.2113
7861,09467.png,1.3546
7862,09469.png,1.2361
7863,09470.png,1.2525
7864,09471.png,1.0954
7865,09472.png,1.6336
7866,09474.png,1.3238
7867,09475.png,1.2538
7868,09476.png,1.2568
7869,09477.png,3.0814
7870,09478.png,6.0275
7871,09480.png,1.7368
7872,09482.png,1.3805
7873,09483.png,1.5847
7874,09485.png,1.4632
7875,09486.png,1.9509
7876,09487.png,1.6961
7877,09488.png,2.1961
7878,09489.png,4.2284
7879,09490.png,4.4580
7880,09491.png,4.6121
7881,09492.png,4.0071
7882,09494.png,3.0239
7883,09495.png,3.1887
7884,09496.png,4.1623
7885,09497.png,2.1428
7886,09498.png,1.4987
7887,09499.png,2.4584
7888,09500.png,3.5302
7889,09501.png,2.0927
7890,09503.png,5.0522
7891,09504.png,3.8379
7892,09505.png,2.8843
7893,09507.png,2.6720
7894,09508.png,1.5772
7895,09509.png,3.8984
7896,09510.png,3.5081
7897,09511.png,3.0136
7898,09512.png,2.8163
7899,09513.png,1.9528
7900,09515.png,2.9853
7901,09516.png,3.0994
7902,09517.png,2.9293
7903,09518.png,2.8470
7904,09519.png,2.9358
7905,09520.png,2.7422
7906,09521.png,2.3110
7907,09522.png,2.1021
7908,09523.png,1.5566
7909,09525.png,1.5148
7910,09526.png,1.5786
7911,09527.png,1.3597
7912,09528.png,1.3288
7913,09529.png,1.8881
7914,09530.png,1.3383
7915,09531.png,1.2456
7916,09532.png,1.3931
7917,09533.png,1.3025
7918,09534.png,1.4521
7919,09535.png,1.2201
7920,09536.png,1.1045
7921,09537.png,1.4382
7922,09538.png,1.4376
7923,09539.png,1.2252
7924,09541.png,1.9495
7925,09542.png,1.5171
7926,09544.png,1.1616
7927,09546.png,1.4178
7928,09547.png,1.3098
7929,09548.png,1.3827
7930,09550.png,1.3968
7931,09551.png,1.1496
7932,09553.png,1.6531
7933,09554.png,1.4283
7934,09555.png,1.1201
7935,09556.png,1.3593
7936,09557.png,1.3273
7937,09558.png,1.4188
7938,09559.png,1.4073
7939,09560.png,1.2459
7940,09561.png,1.4834
7941,09562.png,1.4691
7942,09563.png,1.1991
7943,09564.png,1.5721
7944,09565.png,1.3859
7945,09567.png,1.3838
7946,09568.png,1.5092
7947,09569.png,2.7204
7948,09571.png,1.3838
7949,09573.png,1.4492
7950,09574.png,1.1913
7951,09575.png,1.2466
7952,09576.png,1.2918
7953,09578.png,1.3358
7954,09579.png,1.3587
7955,09580.png,1.2041
7956,09581.png,1.4282
7957,09582.png,2.1530
7958,09583.png,1.5323
7959,09584.png,1.2551
7960,09585.png,2.0086
7961,09586.png,1.2714
7962,09587.png,1.3496
7963,09588.png,1.2327
7964,09589.png,1.3412
7965,09590.png,1.1892
7966,09592.png,1.2309
7967,09594.png,1.3664
7968,09595.png,1.5015
7969,09597.png,1.6912
7970,09598.png,1.4633
7971,09600.png,1.5362
7972,09601.png,1.3737
7973,09602.png,1.3683
7974,09603.png,1.4705
7975,09604.png,1.6085
7976,09605.png,2.2263
7977,09606.png,1.6397
7978,09607.png,1.5926
7979,09609.png,1.1567
7980,09610.png,1.2582
7981,09611.png,1.2995
7982,09612.png,1.2285
7983,09613.png,1.1297
7984,09614.png,1.3876
7985,09616.png,1.4605
7986,09617.png,1.2633
7987,09618.png,1.3856
7988,09622.png,1.2861
7989,09623.png,1.3138
7990,09624.png,1.2288
7991,09625.png,1.3333
7992,09626.png,1.4077
7993,09627.png,1.4045
7994,09628.png,1.0397
7995,09629.png,1.2543
7996,09631.png,1.1673
7997,09633.png,1.1793
7998,09634.png,1.3122
7999,09635.png,1.1000
8000,09636.png,1.3065
8001,09637.png,1.2899
8002,09638.png,1.5355
8003,09639.png,1.6412
8004,09640.png,1.4640
8005,09641.png,1.3002
8006,09642.png,2.1146
8007,09643.png,4.0806
8008,09644.png,1.6432
8009,09645.png,1.3639
8010,09647.png,1.2906
8011,09649.png,1.4237
8012,09650.png,1.4506
8013,09651.png,1.4596
8014,09652.png,1.7718
8015,09653.png,1.3574
8016,09654.png,1.7174
8017,09655.png,1.3582
8018,09656.png,4.5561
8019,09657.png,2.5807
8020,09659.png,1.5141
8021,09660.png,1.2035
8022,09662.png,1.4926
8023,09664.png,1.6531
8024,09665.png,3.5443
8025,09666.png,1.6420
8026,09667.png,1.2901
8027,09668.png,1.3188
8028,09669.png,1.8961
8029,09670.png,1.3184
8030,09671.png,1.3139
8031,09672.png,1.5917
8032,09674.png,1.8538
8033,09675.png,1.8329
8034,09676.png,2.3814
8035,09677.png,1.3782
8036,09678.png,1.4487
8037,09679.png,1.2438
8038,09680.png,1.3758
8039,09681.png,1.5441
8040,09682.png,1.1492
8041,09683.png,1.8491
8042,09684.png,1.4421
8043,09685.png,1.3443
8044,09686.png,1.8687
8045,09687.png,1.2055
8046,09689.png,2.3769
8047,09691.png,3.0070
8048,09693.png,1.8509
8049,09694.png,1.4282
8050,09695.png,3.0355
8051,09696.png,1.2757
8052,09697.png,3.2518
8053,09700.png,2.7581
8054,09701.png,1.3164
8055,09702.png,1.5684
8056,09703.png,1.3872
8057,09704.png,1.4407
8058,09705.png,3.0064
8059,09706.png,3.1403
8060,09707.png,3.1449
8061,09708.png,1.4458
8062,09709.png,1.4771
8063,09710.png,3.1579
8064,09711.png,3.1056
8065,09712.png,3.2755
8066,09713.png,3.0648
8067,09714.png,7.1803
8068,09715.png,24.9960
8069,09716.png,4.4458
8070,09717.png,3.0264
8071,09718.png,2.7729
8072,09719.png,3.1611
8073,09720.png,3.2627
8074,09721.png,3.4399
8075,09722.png,3.1245
8076,09724.png,3.0885
8077,09725.png,2.8514
8078,09726.png,3.3253
8079,09728.png,2.8476
8080,09729.png,3.1039
8081,09730.png,3.3169
8082,09731.png,2.7887
8083,09732.png,2.9645
8084,09733.png,2.9276
8085,09734.png,3.5335
8086,09735.png,2.7862
8087,09736.png,3.1121
8088,09737.png,3.1675
8089,09738.png,3.1876
8090,09739.png,3.3442
8091,09740.png,2.6486
8092,09742.png,3.2527
8093,09743.png,2.9396
8094,09744.png,2.6780
8095,09745.png,2.6772
8096,09746.png,3.0532
8097,09747.png,3.0294
8098,09748.png,2.9747
8099,09749.png,3.0253
8100,09750.png,1.8969
8101,09751.png,1.2659
8102,09753.png,1.3031
8103,09754.png,1.4932
8104,09755.png,1.4826
8105,09756.png,1.2713
8106,09757.png,1.0671
8107,09758.png,2.6952
8108,09759.png,1.2304
8109,09760.png,1.4016
8110,09761.png,1.1961
8111,09762.png,1.2630
8112,09763.png,1.4667
8113,09764.png,1.4950
8114,09767.png,1.3866
8115,09768.png,1.3372
8116,09770.png,1.5166
8117,09771.png,1.5615
8118,09773.png,1.2400
8119,09774.png,1.2201
8120,09775.png,1.4556
8121,09776.png,1.2221
8122,09777.png,1.1941
8123,09778.png,1.2688
8124,09779.png,1.3564
8125,09781.png,1.2967
8126,09782.png,1.3536
8127,09783.png,1.6204
8128,09784.png,2.8775
8129,09786.png,1.2189
8130,09787.png,1.3914
8131,09788.png,1.4365
8132,09789.png,2.4529
8133,09790.png,1.1242
8134,09791.png,1.4678
8135,09792.png,2.8233
8136,09793.png,1.7883
8137,09794.png,1.8219
8138,09795.png,1.6035
8139,09796.png,1.0659
8140,09798.png,1.6661
8141,09799.png,1.2160
8142,09800.png,1.1122
8143,09801.png,1.0491
8144,09802.png,1.2495
8145,09803.png,1.5311
8146,09804.png,1.5295
8147,09805.png,1.5811
8148,09806.png,2.2685
8149,09807.png,1.9292
8150,09808.png,1.7872
8151,09809.png,1.2403
8152,09811.png,1.3357
8153,09813.png,1.5338
8154,09814.png,1.2651
8155,09815.png,1.2193
8156,09816.png,1.5011
8157,09817.png,1.2988
8158,09818.png,1.7137
8159,09819.png,1.9668
8160,09821.png,1.7236
8161,09823.png,1.9834
8162,09824.png,1.1557
8163,09826.png,1.4001
8164,09827.png,1.3646
8165,09828.png,1.2002
8166,09829.png,1.2051
8167,09831.png,3.5244
8168,09832.png,2.1303
8169,09833.png,1.3547
8170,09834.png,1.4236
8171,09835.png,2.1602
8172,09837.png,1.5644
8173,09838.png,1.4294
8174,09839.png,2.5937
8175,09841.png,1.5571
8176,09842.png,2.7192
8177,09844.png,2.3752
8178,09845.png,3.1466
8179,09846.png,1.5705
8180,09848.png,1.5009
8181,09850.png,1.5568
8182,09851.png,1.2977
8183,09852.png,1.5822
8184,09853.png,1.6942
8185,09854.png,2.2098
8186,09856.png,2.2097
8187,09857.png,1.8653
8188,09858.png,1.8120
8189,09860.png,1.3799
8190,09861.png,1.9116
8191,09862.png,3.0990
8192,09863.png,1.5265
8193,09864.png,1.2274
8194,09865.png,1.3004
8195,09866.png,1.4784
8196,09867.png,1.8613
8197,09869.png,1.5338
8198,09870.png,1.2554
8199,09871.png,1.7925
8200,09872.png,1.7950
8201,09875.png,1.3204
8202,09876.png,1.4582
8203,09878.png,1.4856
8204,09879.png,1.5702
8205,09880.png,1.7586
8206,09883.png,1.3575
8207,09884.png,1.3489
8208,09885.png,1.4294
8209,09886.png,1.2089
8210,09888.png,1.2481
8211,09889.png,1.2649
8212,09890.png,1.4702
8213,09891.png,1.2429
8214,09892.png,1.3391
8215,09894.png,1.3380
8216,09895.png,1.4890
8217,09896.png,1.6134
8218,09897.png,1.3516
8219,09898.png,1.2030
8220,09899.png,1.5200
8221,09900.png,1.4803
8222,09901.png,1.1562
8223,09902.png,1.3211
8224,09903.png,1.8364
8225,09904.png,2.1226
8226,09905.png,1.5353
8227,09906.png,1.2725
8228,09907.png,1.2375
8229,09908.png,1.5002
8230,09910.png,1.2098
8231,09911.png,1.1589
8232,09912.png,1.4159
8233,09913.png,1.4428
8234,09914.png,3.1091
8235,09915.png,1.4400
8236,09917.png,1.5708
8237,09920.png,1.4398
8238,09921.png,1.3969
8239,09922.png,1.4326
8240,09923.png,1.8910
8241,09924.png,1.3432
8242,09925.png,4.0428
8243,09926.png,1.7719
8244,09928.png,1.4936
8245,09929.png,1.4359
8246,09930.png,1.7658
8247,09931.png,1.2116
8248,09932.png,1.3498
8249,09933.png,1.6357
8250,09934.png,2.9474
8251,09935.png,1.4523
8252,09936.png,1.6149
8253,09938.png,2.3820
8254,09940.png,2.2724
8255,09942.png,2.1260
8256,09943.png,1.8258
8257,09944.png,3.3795
8258,09945.png,1.3259
8259,09946.png,1.7587
8260,09947.png,1.6223
8261,09949.png,1.7310
8262,09950.png,1.9580
8263,09952.png,1.5660
8264,09954.png,1.6109
8265,09955.png,1.7876
8266,09956.png,1.3220
8267,09957.png,4.1902
8268,09958.png,1.5515
8269,09959.png,1.3513
8270,09960.png,1.2976
8271,09962.png,1.2165
8272,09963.png,1.5726
8273,09964.png,1.4303
8274,09965.png,1.6564
8275,09967.png,1.1858
8276,09968.png,1.6597
8277,09969.png,3.9127
8278,09970.png,1.4669
8279,09971.png,1.5174
8280,09972.png,1.4800
8281,09973.png,1.1358
8282,09975.png,3.3832
8283,09976.png,4.5950
8284,09977.png,4.1607
8285,09978.png,2.8044
8286,09979.png,2.7719
8287,09980.png,2.5934
8288,09981.png,3.6836
8289,09982.png,3.4334
8290,09983.png,3.5850
8291,09984.png,2.8635
8292,09985.png,3.0842
8293,09986.png,3.8338
8294,09987.png,2.7189
8295,09988.png,3.7736
8296,09989.png,3.1243
8297,09990.png,3.4214
8298,09991.png,2.7601
8299,09992.png,2.8453
8300,09993.png,3.0728
8301,09994.png,2.8122
8302,09995.png,2.8937
8303,09996.png,3.0292
8304,09997.png,3.2056
8305,09998.png,2.8540
8306,09999.png,2.8582
8307,10000.png,3.4932
8308,10001.png,3.1297
8309,10002.png,2.7176
8310,10003.png,1.4262
8311,10004.png,1.2222
8312,10005.png,3.8381
8313,10006.png,1.1654
8314,10007.png,1.7723
8315,10008.png,1.4869
8316,10011.png,1.6320
8317,10012.png,1.3379
8318,10017.png,1.2939
8319,10018.png,1.2681
8320,10020.png,1.3527
8321,10021.png,1.6796
8322,10022.png,1.8731
8323,10023.png,1.7318
8324,10024.png,1.3280
8325,10025.png,1.2506
8326,10026.png,1.2901
8327,10027.png,1.2323
8328,10028.png,1.3815
8329,10029.png,1.3370
8330,10030.png,1.2833
8331,10031.png,1.7434
8332,10032.png,1.3579
8333,10033.png,1.2597
8334,10034.png,1.2447
8335,10035.png,1.7020
8336,10037.png,1.2850
8337,10038.png,1.2823
8338,10039.png,1.1671
8339,10040.png,1.5795
8340,10041.png,1.7696
8341,10042.png,1.2845
8342,10043.png,1.2215
8343,10044.png,1.4941
8344,10045.png,1.3624
8345,10047.png,1.8953
8346,10048.png,2.0378
8347,10049.png,1.4884
8348,10050.png,1.9431
8349,10052.png,1.3307
8350,10053.png,4.3872
8351,10054.png,17.3682
8352,10056.png,3.6868
8353,10057.png,2.7701
8354,10058.png,3.1224
8355,10059.png,2.7391
8356,10060.png,3.1850
8357,10061.png,3.1639
8358,10063.png,2.8895
8359,10064.png,2.6698
8360,10065.png,3.6727
8361,10066.png,2.4609
8362,10067.png,4.3317
8363,10068.png,3.3404
8364,10069.png,3.0912
8365,10070.png,3.4608
8366,10071.png,2.2761
8367,10072.png,2.1789
8368,10073.png,2.8473
8369,10075.png,3.4049
8370,10077.png,2.8792
8371,10079.png,3.4567
8372,10080.png,3.6804
8373,10081.png,3.3312
8374,10083.png,2.7174
8375,10084.png,2.9616
8376,10085.png,3.1801
8377,10086.png,3.2089
8378,10087.png,3.1611
8379,10088.png,3.4585
8380,10090.png,3.0955
8381,10091.png,3.0322
8382,10092.png,2.7731
8383,10093.png,2.0606
8384,10094.png,1.1637
8385,10095.png,4.0282
8386,10097.png,1.2833
8387,10098.png,1.4641
8388,10099.png,1.7360
8389,10100.png,1.4450
8390,10101.png,2.3567
8391,10102.png,1.3865
8392,10103.png,1.2660
8393,10105.png,1.0689
8394,10106.png,1.3138
8395,10107.png,1.3710
8396,10108.png,2.0579
8397,10109.png,1.6521
8398,10110.png,1.4506
8399,10112.png,1.7065
8400,10115.png,1.6028
8401,10116.png,1.6772
8402,10117.png,1.2576
8403,10118.png,1.3262
8404,10119.png,0.9471
8405,10120.png,1.1902
8406,10123.png,1.9729
8407,10125.png,1.6208
8408,10126.png,1.2020
8409,10127.png,1.0985
8410,10128.png,1.3451
8411,10129.png,1.4045
8412,10130.png,1.0699
8413,10131.png,1.2824
8414,10132.png,1.2702
8415,10134.png,1.3182
8416,10135.png,1.0836
8417,10136.png,1.1084
8418,10137.png,2.2807
8419,10139.png,1.4807
8420,10142.png,2.0441
8421,10143.png,1.4579
8422,10144.png,1.1755
8423,10145.png,1.6777
8424,10146.png,1.2349
8425,10147.png,1.6975
8426,10148.png,1.6690
8427,10149.png,1.6149
8428,10151.png,2.0109
8429,10152.png,1.8349
8430,10153.png,1.7400
8431,10154.png,1.1547
8432,10155.png,1.5166
8433,10156.png,1.2084
8434,10157.png,1.9941
8435,10158.png,2.1017
8436,10159.png,1.9754
8437,10160.png,1.4836
8438,10161.png,1.2553
8439,10162.png,1.1404
8440,10164.png,1.3732
8441,10165.png,1.4613
8442,10166.png,1.2717
8443,10167.png,4.7025
8444,10168.png,3.3594
8445,10169.png,4.1377
8446,10170.png,2.8608
8447,10172.png,3.0382
8448,10174.png,2.8836
8449,10175.png,2.9444
8450,10176.png,3.3723
8451,10177.png,2.5498
8452,10178.png,1.6688
8453,10179.png,1.8377
8454,10180.png,1.8146
8455,10181.png,3.1203
8456,10182.png,1.7995
8457,10183.png,1.4208
8458,10185.png,3.1087
8459,10187.png,2.8343
8460,10188.png,2.8324
8461,10189.png,2.7214
8462,10191.png,2.6100
8463,10192.png,3.0128
8464,10193.png,1.3751
8465,10195.png,2.7267
8466,10196.png,2.4116
8467,10197.png,1.3864
8468,10198.png,2.5453
8469,10199.png,2.7018
8470,10200.png,2.6130
8471,10201.png,3.3063
8472,10202.png,2.5328
8473,10203.png,2.8043
8474,10204.png,2.7868
8475,10206.png,1.6272
8476,10207.png,1.2202
8477,10208.png,1.3223
8478,10209.png,1.9396
8479,10213.png,1.4413
8480,10214.png,1.8986
8481,10215.png,1.1943
8482,10216.png,1.1618
8483,10218.png,1.3183
8484,10220.png,1.3645
8485,10221.png,1.2733
8486,10222.png,1.2509
8487,10225.png,1.3071
8488,10226.png,1.1973
8489,10228.png,1.2895
8490,10229.png,1.4355
8491,10230.png,1.2530
8492,10231.png,1.4195
8493,10232.png,1.2906
8494,10233.png,1.3683
8495,10234.png,1.2074
8496,10235.png,1.4193
8497,10236.png,1.1383
8498,10240.png,1.9350
8499,10241.png,1.9918
8500,10242.png,1.7428
8501,10244.png,1.2743
8502,10245.png,1.3603
8503,10246.png,2.5700
8504,10247.png,1.7032
8505,10248.png,2.2220
8506,10249.png,1.3179
8507,10250.png,1.6015
8508,10251.png,1.2400
8509,10252.png,1.4026
8510,10254.png,1.7931
8511,10255.png,1.5321
8512,10256.png,1.0982
8513,10257.png,1.1947
8514,10258.png,1.3409
8515,10259.png,1.4272
8516,10260.png,1.6059
8517,10261.png,1.4507
8518,10262.png,1.7813
8519,10263.png,1.7485
8520,10265.png,2.2571
8521,10266.png,1.0959
8522,10267.png,1.4087
8523,10268.png,1.3553
8524,10269.png,1.1048
8525,10270.png,2.2568
8526,10271.png,1.5836
8527,10273.png,1.5952
8528,10274.png,1.9551
8529,10275.png,1.5330
8530,10276.png,1.3897
8531,10277.png,1.2064
8532,10278.png,1.3124
8533,10279.png,1.5733
8534,10280.png,1.3931
8535,10281.png,1.2240
8536,10282.png,1.1487
8537,10284.png,2.8307
8538,10285.png,2.0585
8539,10286.png,1.5245
8540,10288.png,1.4045
8541,10289.png,1.3149
8542,10290.png,1.1671
8543,10291.png,1.6327
8544,10292.png,1.2927
8545,10293.png,1.4549
8546,10294.png,1.4107
8547,10296.png,1.4318
8548,10299.png,1.1470
8549,10300.png,1.6128
8550,10301.png,1.5093
8551,10302.png,1.6658
8552,10303.png,1.3267
8553,10304.png,1.2354
8554,10305.png,1.3762
8555,10306.png,1.5201
8556,10307.png,1.4104
8557,10308.png,1.2917
8558,10309.png,2.7459
8559,10310.png,1.6862
8560,10311.png,1.8366
8561,10312.png,2.1995
8562,10313.png,1.6134
8563,10314.png,2.0200
8564,10315.png,1.4382
8565,10316.png,1.5692
8566,10317.png,1.7300
8567,10318.png,1.4760
8568,10320.png,2.0764
8569,10321.png,1.7968
8570,10322.png,1.1833
8571,10323.png,1.4178
8572,10324.png,1.1395
8573,10326.png,1.0890
8574,10327.png,1.3709
8575,10328.png,1.4727
8576,10329.png,4.9455
8577,10330.png,1.8848
8578,10331.png,1.8917
8579,10332.png,1.2340
8580,10333.png,1.1069
8581,10334.png,1.4207
8582,10336.png,1.1028
8583,10338.png,1.3033
8584,10339.png,1.3699
8585,10340.png,1.3438
8586,10341.png,1.3872
8587,10342.png,1.4587
8588,10343.png,1.0762
8589,10344.png,1.3762
8590,10345.png,1.3161
8591,10346.png,1.3642
8592,10347.png,1.4123
8593,10348.png,1.3017
8594,10350.png,1.3028
8595,10353.png,1.3043
8596,10354.png,3.4754
8597,10355.png,1.5296
8598,10356.png,1.4320
8599,10357.png,1.3847
8600,10358.png,1.4007
8601,10359.png,1.3090
8602,10360.png,1.2762
8603,10361.png,1.4159
8604,10362.png,1.2693
8605,10363.png,1.7449
8606,10365.png,1.2145
8607,10366.png,2.4850
8608,10367.png,2.3775
8609,10368.png,2.1152
8610,10369.png,1.9293
8611,10370.png,2.3265
8612,10371.png,1.8917
8613,10372.png,1.8674
8614,10373.png,1.4858
8615,10374.png,1.3938
8616,10375.png,1.3505
8617,10376.png,1.7288
8618,10377.png,1.9787
8619,10378.png,1.2947
8620,10380.png,1.4818
8621,10381.png,1.7049
8622,10382.png,1.4727
8623,10383.png,1.6582
8624,10384.png,1.3605
8625,10387.png,1.1439
8626,10388.png,1.4032
8627,10389.png,2.1550
8628,10390.png,1.4798
8629,10391.png,1.3701
8630,10392.png,1.1016
8631,10393.png,1.2308
8632,10394.png,1.6447
8633,10395.png,1.2944
8634,10397.png,1.1775
8635,10398.png,2.1677
8636,10399.png,1.1288
8637,10400.png,1.0036
8638,10401.png,1.2143
8639,10403.png,2.0836
8640,10404.png,1.4755
8641,10405.png,1.2976
8642,10406.png,1.3011
8643,10407.png,1.9464
8644,10408.png,4.1811
8645,10409.png,1.4826
8646,10410.png,1.2419
8647,10412.png,1.5100
8648,10414.png,1.5195
8649,10415.png,1.2522
8650,10418.png,1.5892
8651,10419.png,1.5116
8652,10420.png,1.4135
8653,10421.png,1.3048
8654,10422.png,1.3235
8655,10423.png,1.4291
8656,10424.png,1.4626
8657,10425.png,1.0767
8658,10426.png,1.5352
8659,10427.png,1.4215
8660,10428.png,1.5800
8661,10429.png,1.5517
8662,10430.png,1.0464
8663,10431.png,1.3630
8664,10432.png,1.8885
8665,10433.png,1.5156
8666,10434.png,1.3598
8667,10435.png,1.6159
8668,10436.png,1.3073
8669,10437.png,1.2555
8670,10440.png,1.8303
8671,10441.png,1.4125
8672,10442.png,2.2955
8673,10443.png,2.4264
8674,10444.png,1.5635
8675,10445.png,1.9028
8676,10446.png,1.1724
8677,10449.png,1.1457
8678,10451.png,1.2560
8679,10452.png,1.4079
8680,10454.png,1.1827
8681,10455.png,1.2389
8682,10456.png,1.1117
8683,10457.png,1.6196
8684,10458.png,1.7103
8685,10461.png,1.6928
8686,10463.png,1.2734
8687,10464.png,1.5025
8688,10465.png,1.6417
8689,10466.png,1.4386
8690,10467.png,1.2007
8691,10468.png,1.4743
8692,10469.png,1.2008
8693,10470.png,1.3183
8694,10471.png,1.3725
8695,10472.png,1.3367
8696,10473.png,1.0990
8697,10474.png,1.2767
8698,10475.png,1.9044
8699,10476.png,1.4723
8700,10477.png,1.3689
8701,10478.png,1.4065
8702,10479.png,1.3847
8703,10480.png,1.5519
8704,10481.png,1.8181
8705,10482.png,1.5989
8706,10483.png,1.3831
8707,10484.png,1.6959
8708,10485.png,2.0798
8709,10486.png,1.3033
8710,10487.png,1.4220
8711,10488.png,1.6740
8712,10490.png,1.3665
8713,10491.png,1.1829
8714,10493.png,1.3707
8715,10495.png,1.5296
8716,10497.png,2.3635
8717,10498.png,1.3512
8718,10499.png,2.6368
8719,10500.png,1.3989
8720,10501.png,1.1462
8721,10503.png,1.2127
8722,10504.png,1.2108
8723,10505.png,1.1891
8724,10506.png,1.1564
8725,10507.png,1.6569
8726,10508.png,1.2018
8727,10510.png,1.8730
8728,10512.png,1.3022
8729,10513.png,1.5779
8730,10514.png,1.3889
8731,10515.png,1.1964
8732,10516.png,1.2673
8733,10517.png,1.4357
8734,10519.png,1.2468
8735,10520.png,1.5119
8736,10521.png,4.0275
8737,10522.png,2.1313
8738,10523.png,1.5024
8739,10524.png,1.6344
8740,10525.png,1.7274
8741,10526.png,1.1554
8742,10527.png,1.4565
8743,10528.png,1.3808
8744,10529.png,1.5155
8745,10530.png,1.9055
8746,10531.png,2.3140
8747,10532.png,1.4774
8748,10535.png,1.0817
8749,10536.png,1.2271
8750,10537.png,1.4848
8751,10538.png,1.3880
8752,10539.png,2.7428
8753,10540.png,1.4233
8754,10542.png,1.9429
8755,10543.png,1.2960
8756,10544.png,1.4411
8757,10545.png,1.4149
8758,10546.png,1.9514
8759,10548.png,1.4728
8760,10550.png,1.3536
8761,10551.png,2.3262
8762,10552.png,1.5416
8763,10553.png,1.6254
8764,10554.png,1.2105
8765,10555.png,1.1993
8766,10556.png,1.2550
8767,10558.png,1.6260
8768,10560.png,1.2087
8769,10561.png,1.3671
8770,10562.png,1.8645
8771,10564.png,1.7064
8772,10565.png,1.8107
8773,10567.png,1.2642
8774,10568.png,1.1167
8775,10569.png,1.7652
8776,10572.png,1.1634
8777,10573.png,1.4702
8778,10574.png,1.3642
8779,10575.png,1.8503
8780,10576.png,1.1153
8781,10578.png,1.6016
8782,10579.png,1.3637
8783,10580.png,2.0349
8784,10581.png,2.4408
8785,10582.png,2.7026
8786,10585.png,2.0813
8787,10590.png,1.3163
8788,10592.png,1.2354
8789,10593.png,1.2586
8790,10594.png,1.0906
8791,10595.png,1.3182
8792,10596.png,1.2685
8793,10598.png,1.4696
8794,10599.png,1.1884
8795,10600.png,1.1849
8796,10601.png,1.3982
8797,10602.png,1.2057
8798,10603.png,1.5618
8799,10604.png,1.2145
8800,10605.png,1.2604
8801,10606.png,1.2452
8802,10607.png,1.3532
8803,10608.png,1.3407
8804,10609.png,1.4347
8805,10610.png,1.3568
8806,10611.png,1.7750
8807,10612.png,2.0196
8808,10613.png,2.1266
8809,10614.png,1.8501
8810,10615.png,2.4620
8811,10617.png,2.0427
8812,10618.png,2.0024
8813,10619.png,1.5893
8814,10620.png,1.3266
8815,10621.png,2.1727
8816,10622.png,1.5275
8817,10623.png,1.2491
8818,10624.png,1.4426
8819,10625.png,1.5152
8820,10626.png,1.2257
8821,10628.png,1.1807
8822,10629.png,1.1509
8823,10630.png,1.4650
8824,10631.png,1.3088
8825,10632.png,1.7989
8826,10633.png,1.9935
8827,10634.png,2.0526
8828,10635.png,1.9307
8829,10636.png,1.8930
8830,10637.png,2.2593
8831,10638.png,2.8761
8832,10639.png,1.3990
8833,10641.png,1.2625
8834,10642.png,1.4256
8835,10643.png,2.0143
8836,10644.png,2.9105
8837,10645.png,2.4898
8838,10646.png,3.5247
8839,10647.png,1.4628
8840,10648.png,2.3041
8841,10649.png,1.5459
8842,10650.png,1.3845
8843,10651.png,3.1032
8844,10652.png,3.8461
8845,10653.png,1.8639
8846,10654.png,2.6371
8847,10655.png,2.9878
8848,10656.png,2.6934
8849,10657.png,2.9443
8850,10658.png,3.2076
8851,10660.png,3.5574
8852,10661.png,2.7631
8853,10663.png,2.8461
8854,10664.png,2.9950
8855,10665.png,3.0526
8856,10666.png,3.7793
8857,10667.png,2.8484
8858,10668.png,2.7431
8859,10669.png,3.1407
8860,10670.png,2.6891
8861,10671.png,4.3535
8862,10672.png,3.0442
8863,10673.png,3.2076
8864,10675.png,2.9137
8865,10677.png,3.0773
8866,10678.png,3.1072
8867,10679.png,2.9064
8868,10680.png,2.8306
8869,10682.png,3.1275
8870,10684.png,3.7674
8871,10686.png,1.8243
8872,10687.png,3.4390
8873,10688.png,2.0207
8874,10689.png,1.7291
8875,10690.png,5.2052
8876,10691.png,1.8983
8877,10692.png,2.2671
8878,10693.png,1.2848
8879,10694.png,1.6225
8880,10695.png,1.4804
8881,10696.png,1.3904
8882,10697.png,1.3941
8883,10698.png,1.1638
8884,10699.png,1.0847
8885,10700.png,1.5047
8886,10701.png,2.6596
8887,10703.png,1.4638
8888,10704.png,1.1047
8889,10705.png,1.4160
8890,10707.png,1.1238
8891,10708.png,1.2312
8892,10709.png,1.2255
8893,10710.png,1.3650
8894,10711.png,1.2348
8895,10712.png,1.1035
8896,10714.png,2.0774
8897,10715.png,2.7377
8898,10716.png,2.8891
8899,10717.png,3.3011
8900,10718.png,3.5265
8901,10719.png,3.0031
8902,10720.png,3.4824
8903,10721.png,2.6673
8904,10722.png,2.8649
8905,10724.png,2.6226
8906,10725.png,2.8574
8907,10726.png,2.3059
8908,10728.png,1.7339
8909,10729.png,2.3523
8910,10730.png,3.1347
8911,10731.png,2.7095
8912,10732.png,3.3787
8913,10733.png,1.4556
8914,10736.png,1.5758
8915,10737.png,1.4628
8916,10738.png,2.8933
8917,10739.png,2.6138
8918,10740.png,3.0857
8919,10741.png,2.5283
8920,10743.png,4.3723
8921,10744.png,1.8768
8922,10747.png,3.1875
8923,10748.png,2.3208
8924,10749.png,1.5238
8925,10750.png,1.2713
8926,10751.png,1.5883
8927,10752.png,1.3600
8928,10753.png,1.3277
8929,10754.png,1.1464
8930,10755.png,1.3745
8931,10756.png,1.2355
8932,10757.png,1.3065
8933,10759.png,1.4604
8934,10760.png,1.3809
8935,10762.png,1.1805
8936,10764.png,1.3824
8937,10765.png,1.6662
8938,10766.png,1.3389
8939,10767.png,1.5323
8940,10768.png,1.6716
8941,10770.png,2.3482
8942,10771.png,1.4894
8943,10772.png,1.5160
8944,10773.png,2.2054
8945,10774.png,1.4525
8946,10775.png,1.3236
8947,10776.png,1.6618
8948,10777.png,1.6226
8949,10778.png,1.4903
8950,10779.png,1.3356
8951,10780.png,1.2953
8952,10781.png,1.1750
8953,10782.png,1.0759
8954,10783.png,1.3691
8955,10784.png,1.2287
8956,10785.png,1.2427
8957,10786.png,1.3676
8958,10787.png,1.3765
8959,10788.png,1.1501
8960,10789.png,1.4032
8961,10790.png,1.3564
8962,10791.png,1.2544
8963,10792.png,1.3170
8964,10793.png,1.1834
8965,10794.png,1.4629
8966,10796.png,1.3621
8967,10797.png,1.2898
8968,10798.png,1.2692
8969,10799.png,1.4441
8970,10800.png,1.4007
8971,10801.png,1.6357
8972,10802.png,1.3868
8973,10803.png,1.8008
8974,10804.png,2.6463
8975,10805.png,1.8331
8976,10806.png,1.2619
8977,10807.png,1.3752
8978,10808.png,7.7361
8979,10809.png,1.5313
8980,10810.png,1.3337
8981,10812.png,1.4821
8982,10813.png,1.3507
8983,10814.png,1.1746
8984,10815.png,2.7698
8985,10816.png,1.5292
8986,10819.png,2.4233
8987,10820.png,1.4504
8988,10821.png,1.0789
8989,10822.png,1.4164
8990,10823.png,3.6412
8991,10824.png,1.5196
8992,10826.png,3.1302
8993,10827.png,1.7799
8994,10828.png,1.4578
8995,10829.png,2.3394
8996,10830.png,2.0053
8997,10831.png,1.8521
8998,10832.png,2.3091
8999,10833.png,4.1831
9000,10834.png,2.8770
9001,10835.png,1.2300
9002,10836.png,1.4564
9003,10837.png,1.5103
9004,10838.png,1.1689
9005,10839.png,1.0787
9006,10841.png,1.9052
9007,10842.png,2.2709
9008,10843.png,1.3258
9009,10844.png,2.2454
9010,10845.png,1.4887
9011,10846.png,1.2538
9012,10847.png,1.2987
9013,10848.png,1.6539
9014,10849.png,1.7161
9015,10850.png,1.2758
9016,10853.png,1.1464
9017,10854.png,3.2685
9018,10855.png,1.6464
9019,10856.png,1.3939
9020,10857.png,1.5788
9021,10858.png,2.9958
9022,10859.png,3.5974
9023,10860.png,3.2594
9024,10864.png,1.6318
9025,10866.png,2.4293
9026,10867.png,1.9264
9027,10868.png,1.4033
9028,10870.png,2.7790
9029,10871.png,1.5684
9030,10872.png,1.4146
9031,10873.png,1.7192
9032,10875.png,1.7000
9033,10876.png,1.2447
9034,10877.png,2.2665
9035,10878.png,2.5376
9036,10880.png,1.4531
9037,10881.png,1.4233
9038,10882.png,2.0311
9039,10883.png,1.2448
9040,10884.png,4.5267
9041,10885.png,2.3576
9042,10886.png,1.2558
9043,10888.png,1.3656
9044,10889.png,1.3585
9045,10890.png,1.2351
9046,10891.png,1.1740
9047,10892.png,1.2964
9048,10893.png,1.0792
9049,10894.png,1.1458
9050,10895.png,2.0080
9051,10896.png,1.4304
9052,10897.png,1.2669
9053,10898.png,1.2410
9054,10899.png,1.5167
9055,10900.png,1.7264
9056,10902.png,1.0994
9057,10903.png,1.1635
9058,10904.png,1.1966
9059,10905.png,1.1799
9060,10906.png,1.2023
9061,10907.png,1.2121
9062,10908.png,1.5003
9063,10909.png,1.4626
9064,10910.png,1.4174
9065,10911.png,1.1331
9066,10912.png,1.6113
9067,10914.png,1.2029
9068,10915.png,1.0830
9069,10916.png,1.0695
9070,10919.png,1.2183
9071,10920.png,1.3256
9072,10921.png,1.2233
9073,10923.png,1.1573
9074,10924.png,1.3486
9075,10925.png,1.1681
9076,10926.png,1.7111
9077,10927.png,1.5322
9078,10928.png,1.3326
9079,10929.png,1.4327
9080,10930.png,1.1948
9081,10931.png,1.1680
9082,10932.png,4.9301
9083,10934.png,2.5024
9084,10935.png,1.3051
9085,10936.png,1.2855
9086,10937.png,1.1784
9087,10938.png,2.3519
9088,10939.png,1.5556
9089,10940.png,1.4110
9090,10941.png,2.8697
9091,10943.png,2.3413
9092,10944.png,1.4159
9093,10945.png,1.5800
9094,10946.png,2.0358
9095,10947.png,2.4553
9096,10950.png,1.6834
9097,10951.png,1.9364
9098,10952.png,1.7298
9099,10953.png,1.2469
9100,10954.png,1.4735
9101,10955.png,4.6891
9102,10957.png,5.6955
9103,10958.png,3.3245
9104,10960.png,4.5004
9105,10962.png,2.8754
9106,10963.png,3.5024
9107,10965.png,2.8004
9108,10966.png,3.0613
9109,10967.png,3.6119
9110,10969.png,4.2057
9111,10970.png,3.9692
9112,10971.png,2.8196
9113,10972.png,2.8823
9114,10973.png,3.6655
9115,10975.png,2.9463
9116,10976.png,3.3736
9117,10977.png,2.8180
9118,10978.png,3.0637
9119,10979.png,2.7698
9120,10980.png,2.7120
9121,10981.png,2.9873
9122,10982.png,4.9530
9123,10984.png,5.1714
9124,10985.png,4.3602
9125,10987.png,2.6210
9126,10988.png,1.7713
9127,10989.png,1.2373
9128,10990.png,1.4408
9129,10991.png,1.2429
9130,10993.png,1.3896
9131,10994.png,1.1834
9132,10995.png,2.3925
9133,10996.png,1.7569
9134,10997.png,1.5757
9135,10998.png,1.4226
9136,10999.png,2.0545
9137,11000.png,1.5175
9138,11001.png,1.2739
9139,11002.png,1.4657
9140,11003.png,1.7386
9141,11004.png,1.6215
9142,11005.png,1.6915
9143,11006.png,1.1519
9144,11007.png,2.7487
9145,11008.png,4.4619
9146,11009.png,1.4052
9147,11010.png,1.6090
9148,11011.png,1.4467
9149,11013.png,1.5069
9150,11014.png,1.6544
9151,11015.png,3.3544
9152,11016.png,1.3783
9153,11017.png,1.1899
9154,11018.png,1.2931
9155,11020.png,1.2343
9156,11021.png,1.3206
9157,11023.png,1.4702
9158,11024.png,1.2101
9159,11025.png,1.3159
9160,11026.png,1.4112
9161,11027.png,1.1014
9162,11028.png,1.3267
9163,11029.png,1.1271
9164,11030.png,1.3255
9165,11031.png,1.1780
9166,11032.png,1.4859
9167,11033.png,1.3032
9168,11034.png,1.3047
9169,11035.png,1.2263
9170,11036.png,1.1450
9171,11037.png,1.2706
9172,11038.png,1.2005
9173,11040.png,1.3157
9174,11041.png,2.3735
9175,11042.png,1.5924
9176,11043.png,1.3228
9177,11045.png,1.4702
9178,11046.png,1.4192
9179,11047.png,1.3553
9180,11049.png,1.3594
9181,11051.png,1.2990
9182,11052.png,1.3071
9183,11053.png,1.3984
9184,11054.png,1.3459
9185,11055.png,1.3582
9186,11056.png,1.3372
9187,11057.png,1.2617
9188,11058.png,1.2306
9189,11059.png,1.0512
9190,11060.png,1.3758
9191,11061.png,1.1078
9192,11062.png,1.1019
9193,11063.png,1.4279
9194,11064.png,1.2850
9195,11065.png,1.2784
9196,11066.png,1.1337
9197,11067.png,1.3508
9198,11069.png,1.6644
9199,11071.png,1.1668
9200,11072.png,1.9354
9201,11073.png,1.6120
9202,11075.png,1.3072
9203,11076.png,1.4090
9204,11077.png,1.3918
9205,11078.png,1.1748
9206,11080.png,2.3703
9207,11081.png,1.7562
9208,11082.png,1.3946
9209,11083.png,1.6415
9210,11085.png,1.5368
9211,11086.png,1.3945
9212,11087.png,1.1940
9213,11088.png,1.3171
9214,11089.png,1.5232
9215,11090.png,1.3006
9216,11091.png,1.2125
9217,11092.png,1.1443
9218,11093.png,1.7235
9219,11094.png,1.3128
9220,11095.png,1.3196
9221,11096.png,1.3301
9222,11097.png,1.1435
9223,11098.png,1.7543
9224,11099.png,2.2047
9225,11100.png,1.4876
9226,11102.png,1.3455
9227,11103.png,1.9608
9228,11104.png,4.9220
9229,11105.png,2.1372
9230,11106.png,1.7361
9231,11107.png,1.3570
9232,11108.png,1.8520
9233,11111.png,2.1614
9234,11112.png,1.4930
9235,11113.png,3.1257
9236,11115.png,1.3566
9237,11116.png,1.7555
9238,11118.png,3.3244
9239,11120.png,2.6389
9240,11121.png,2.0727
9241,11122.png,1.3947
9242,11124.png,1.6860
9243,11125.png,1.2539
9244,11126.png,1.8710
9245,11127.png,1.7891
9246,11129.png,1.2588
9247,11130.png,2.1632
9248,11132.png,1.8490
9249,11133.png,1.2649
9250,11134.png,1.2233
9251,11135.png,1.6510
9252,11136.png,1.8216
9253,11137.png,1.2865
9254,11138.png,1.5390
9255,11139.png,1.1963
9256,11140.png,1.2972
9257,11141.png,1.2501
9258,11142.png,1.2385
9259,11143.png,1.1864
9260,11145.png,1.1341
9261,11147.png,1.3368
9262,11148.png,1.8281
9263,11149.png,1.1781
9264,11150.png,3.6511
9265,11152.png,1.3500
9266,11154.png,1.8750
9267,11155.png,1.7923
9268,11156.png,2.8242
9269,11157.png,2.3863
9270,11158.png,3.4308
9271,11159.png,1.2762
9272,11160.png,3.0771
9273,11161.png,2.1242
9274,11163.png,1.8492
9275,11164.png,1.1358
9276,11165.png,1.1807
9277,11166.png,1.2573
9278,11167.png,1.4334
9279,11168.png,1.0066
9280,11169.png,1.1552
9281,11170.png,1.4197
9282,11171.png,1.4344
9283,11172.png,1.2720
9284,11174.png,1.2562
9285,11175.png,1.3407
9286,11177.png,1.3730
9287,11178.png,1.3066
9288,11179.png,1.8466
9289,11180.png,1.3805
9290,11181.png,1.5282
9291,11184.png,1.1140
9292,11185.png,1.4733
9293,11186.png,1.9262
9294,11187.png,1.4858
9295,11188.png,1.2390
9296,11189.png,1.3537
9297,11190.png,1.7842
9298,11191.png,1.6727
9299,11192.png,1.3920
9300,11193.png,1.6807
9301,11194.png,1.3079
9302,11195.png,1.2027
9303,11196.png,1.2934
9304,11197.png,1.3536
9305,11198.png,1.6472
9306,11199.png,1.3789
9307,11201.png,1.3200
9308,11202.png,1.3593
9309,11204.png,1.4183
9310,11205.png,2.1220
9311,11208.png,1.4835
9312,11209.png,1.2350
9313,11210.png,1.4321
9314,11211.png,2.0474
9315,11212.png,1.2475
9316,11213.png,1.2915
9317,11214.png,1.3510
9318,11216.png,1.8720
9319,11217.png,1.2339
9320,11219.png,1.2529
9321,11220.png,1.9760
9322,11221.png,1.4060
9323,11222.png,1.2727
9324,11223.png,1.7885
9325,11225.png,1.2213
9326,11226.png,1.4467
9327,11227.png,1.6008
9328,11228.png,1.7717
9329,11229.png,2.1441
9330,11231.png,1.7282
9331,11232.png,1.2136
9332,11233.png,1.7656
9333,11234.png,1.3292
9334,11235.png,1.3094
9335,11236.png,1.3810
9336,11237.png,1.3321
9337,11238.png,1.4725
9338,11240.png,1.5089
9339,11241.png,1.1208
9340,11244.png,1.3390
9341,11245.png,1.7994
9342,11246.png,1.5063
9343,11247.png,1.2815
9344,11248.png,1.5344
9345,11249.png,1.0576
9346,11250.png,1.3740
9347,11251.png,1.5828
9348,11252.png,1.2429
9349,11253.png,1.3828
9350,11255.png,1.5535
9351,11256.png,1.3076
9352,11257.png,2.0277
9353,11258.png,1.5232
9354,11260.png,1.5365
9355,11261.png,1.2180
9356,11262.png,1.4689
9357,11264.png,1.3158
9358,11266.png,1.9323
9359,11269.png,1.2830
9360,11270.png,1.0957
9361,11271.png,1.6792
9362,11272.png,1.7429
9363,11273.png,1.5533
9364,11274.png,1.2483
9365,11276.png,1.3986
9366,11277.png,1.3278
9367,11278.png,1.6624
9368,11279.png,1.3499
9369,11280.png,1.2111
9370,11281.png,1.6142
9371,11283.png,1.3384
9372,11284.png,1.7554
9373,11285.png,1.2320
9374,11286.png,1.5432
9375,11287.png,1.4935
9376,11289.png,1.4528
9377,11290.png,2.3145
9378,11291.png,2.2174
9379,11292.png,2.2784
9380,11293.png,1.8125
9381,11294.png,1.9312
9382,11298.png,1.6467
9383,11299.png,1.3942
9384,11302.png,1.4166
9385,11304.png,1.7445
9386,11305.png,1.7003
9387,11307.png,1.1793
9388,11309.png,1.5540
9389,11310.png,1.8417
9390,11311.png,2.5632
9391,11313.png,1.1819
9392,11314.png,1.0958
9393,11315.png,1.2638
9394,11317.png,2.0709
9395,11318.png,1.5139
9396,11319.png,1.7649
9397,11320.png,3.1527
9398,11322.png,2.6381
9399,11324.png,1.7344
9400,11325.png,1.3780
9401,11326.png,1.1422
9402,11327.png,1.4756
9403,11328.png,1.4699
9404,11329.png,1.3869
9405,11330.png,1.2680
9406,11331.png,1.3260
9407,11333.png,1.3418
9408,11334.png,1.2173
9409,11335.png,1.8864
9410,11337.png,1.4893
9411,11338.png,3.2047
9412,11339.png,1.6981
9413,11340.png,1.8115
9414,11341.png,1.8207
9415,11342.png,1.0891
9416,11343.png,1.2813
9417,11345.png,1.6579
9418,11346.png,1.8838
9419,11347.png,1.8716
9420,11348.png,1.2284
9421,11349.png,1.9753
9422,11350.png,1.3938
9423,11351.png,3.1354
9424,11352.png,2.7576
9425,11353.png,2.2747
9426,11354.png,1.8557
9427,11356.png,1.6429
9428,11357.png,1.4342
9429,11358.png,1.6359
9430,11359.png,2.6686
9431,11360.png,3.2641
9432,11361.png,3.1934
9433,11362.png,1.8615
9434,11363.png,1.7481
9435,11364.png,1.5244
9436,11365.png,2.7896
9437,11366.png,3.2097
9438,11367.png,1.6694
9439,11368.png,2.7258
9440,11369.png,1.8885
9441,11370.png,1.6691
9442,11371.png,1.4446
9443,11373.png,2.3768
9444,11375.png,2.0882
9445,11376.png,1.6211
9446,11377.png,1.5314
9447,11378.png,1.7999
9448,11379.png,1.9847
9449,11381.png,1.2803
9450,11382.png,1.4254
9451,11383.png,1.2987
9452,11384.png,1.0769
9453,11385.png,1.2500
9454,11386.png,1.5304
9455,11387.png,1.3819
9456,11388.png,1.4011
9457,11389.png,1.0814
9458,11390.png,1.3476
9459,11391.png,2.4629
9460,11392.png,1.6331
9461,11393.png,1.2601
9462,11394.png,1.2307
9463,11395.png,1.2601
9464,11397.png,1.1678
9465,11398.png,1.4669
9466,11399.png,1.2731
9467,11400.png,1.1243
9468,11401.png,1.2880
9469,11402.png,1.2505
9470,11403.png,1.7828
9471,11405.png,1.5683
9472,11406.png,1.8804
9473,11407.png,1.2348
9474,11408.png,1.2249
9475,11409.png,1.5844
9476,11411.png,1.7121
9477,11413.png,1.4996
9478,11414.png,2.2857
9479,11415.png,2.6361
9480,11416.png,1.6531
9481,11417.png,3.6300
9482,11419.png,2.0418
9483,11420.png,1.2275
9484,11421.png,1.0899
9485,11422.png,1.7181
9486,11423.png,1.6799
9487,11424.png,1.0568
9488,11425.png,4.5855
9489,11427.png,3.3629
9490,11428.png,3.6671
9491,11429.png,3.7251
9492,11430.png,1.8151
9493,11431.png,1.7103
9494,11432.png,2.3024
9495,11433.png,2.6473
9496,11434.png,2.0463
9497,11436.png,1.4695
9498,11437.png,1.5452
9499,11440.png,1.3218
9500,11441.png,1.2295
9501,11442.png,1.8577
9502,11443.png,1.5892
9503,11444.png,1.2642
9504,11445.png,1.3863
9505,11447.png,1.8485
9506,11448.png,1.4166
9507,11450.png,1.5561
9508,11452.png,1.7072
9509,11453.png,1.5569
9510,11454.png,1.5004
9511,11456.png,1.3191
9512,11457.png,1.2694
9513,11458.png,1.8836
9514,11459.png,1.5064
9515,11460.png,1.4236
9516,11461.png,1.3614
9517,11462.png,1.3455
9518,11463.png,3.4733
9519,11464.png,3.8278
9520,11465.png,3.1536
9521,11466.png,2.6842
9522,11467.png,1.2807
9523,11471.png,2.6894
9524,11472.png,1.3603
9525,11474.png,1.7503
9526,11476.png,1.5219
9527,11477.png,1.6631
9528,11478.png,1.7906
9529,11479.png,1.4951
9530,11480.png,1.4636
9531,11482.png,1.1443
9532,11483.png,1.3005
9533,11484.png,2.0011
9534,11485.png,1.7892
9535,11487.png,1.0680
9536,11488.png,1.7106
9537,11489.png,1.4497
9538,11490.png,1.1707
9539,11491.png,1.0612
9540,11492.png,1.3495
9541,11493.png,1.5427
9542,11494.png,1.3473
9543,11496.png,1.2570
9544,11497.png,1.3230
9545,11498.png,1.5333
9546,11499.png,1.1659
9547,11500.png,1.2546
9548,11501.png,1.8942
9549,11502.png,3.5198
9550,11503.png,2.5415
9551,11504.png,1.8472
9552,11505.png,1.6793
9553,11506.png,1.7701
9554,11507.png,1.6255
9555,11508.png,3.2496
9556,11509.png,1.7488
9557,11510.png,2.4145
9558,11512.png,1.1530
9559,11513.png,1.0783
9560,11515.png,1.1356
9561,11516.png,2.6425
9562,11517.png,1.0901
9563,11518.png,2.4031
9564,11519.png,1.3063
9565,11520.png,1.9650
9566,11521.png,2.6901
9567,11522.png,1.9024
9568,11523.png,1.4960
9569,11524.png,1.3426
9570,11525.png,1.1876
9571,11526.png,1.4224
9572,11527.png,2.0320
9573,11528.png,1.3925
9574,11529.png,1.1571
9575,11530.png,1.3401
9576,11531.png,1.6468
9577,11533.png,1.9382
9578,11534.png,1.5120
9579,11535.png,1.7463
9580,11536.png,1.2196
9581,11537.png,4.1937
9582,11538.png,1.6631
9583,11539.png,1.4489
9584,11540.png,1.9837
9585,11542.png,2.8608
9586,11543.png,3.2066
9587,11544.png,2.0369
9588,11545.png,1.2642
9589,11546.png,1.5790
9590,11547.png,1.5567
9591,11551.png,2.7111
9592,11552.png,1.8953
9593,11553.png,2.6812
9594,11554.png,1.2118
9595,11556.png,2.5430
9596,11557.png,1.3303
9597,11558.png,1.3676
9598,11559.png,1.1587
9599,11560.png,3.7663
9600,11561.png,1.7450
9601,11562.png,1.7917
9602,11565.png,1.8917
9603,11566.png,1.6901
9604,11567.png,1.4190
9605,11569.png,1.9091
9606,11570.png,2.3264
9607,11571.png,1.5811
9608,11572.png,1.6250
9609,11573.png,1.8724
9610,11574.png,1.4288
9611,11575.png,1.2810
9612,11576.png,1.1658
9613,11577.png,1.5992
9614,11578.png,1.3614
9615,11579.png,1.2201
9616,11580.png,1.6685
9617,11581.png,2.1756
9618,11582.png,1.6474
9619,11584.png,1.2751
9620,11585.png,1.1390
9621,11586.png,1.2227
9622,11587.png,1.4227
9623,11588.png,1.4291
9624,11589.png,3.5768
9625,11590.png,2.2051
9626,11592.png,1.2467
9627,11593.png,1.3355
9628,11594.png,4.5307
9629,11595.png,4.3452
9630,11596.png,4.9352
9631,11597.png,3.8137
9632,11598.png,2.8644
9633,11599.png,3.1613
9634,11600.png,2.8666
9635,11601.png,2.6171
9636,11603.png,2.9917
9637,11604.png,3.1424
9638,11605.png,2.7897
9639,11606.png,3.1087
9640,11607.png,3.4414
9641,11608.png,3.3908
9642,11609.png,3.1080
9643,11610.png,3.0852
9644,11611.png,2.8264
9645,11612.png,3.4465
9646,11613.png,3.4430
9647,11614.png,3.0402
9648,11615.png,2.9361
9649,11616.png,3.6879
9650,11618.png,3.0380
9651,11619.png,3.0198
9652,11620.png,2.7859
9653,11621.png,3.1952
9654,11622.png,2.7463
9655,11623.png,1.8562
9656,11624.png,1.5394
9657,11626.png,1.4618
9658,11627.png,1.1756
9659,11628.png,1.0797
9660,11629.png,1.2345
9661,11630.png,1.3824
9662,11631.png,1.4985
9663,11632.png,2.5433
9664,11633.png,1.1732
9665,11636.png,1.4404
9666,11637.png,1.1704
9667,11638.png,1.0771
9668,11639.png,1.3492
9669,11641.png,2.0503
9670,11642.png,1.3881
9671,11643.png,1.3045
9672,11646.png,1.3802
9673,11647.png,2.8631
9674,11648.png,1.5984
9675,11650.png,1.3219
9676,11651.png,1.3023
9677,11653.png,1.9359
9678,11655.png,1.4038
9679,11656.png,1.3253
9680,11657.png,2.5712
9681,11659.png,1.8561
9682,11660.png,1.2942
9683,11662.png,2.9433
9684,11663.png,1.6360
9685,11664.png,1.5039
9686,11665.png,1.2814
9687,11666.png,1.3133
9688,11667.png,1.1100
9689,11668.png,1.5770
9690,11669.png,1.2749
9691,11671.png,1.2650
9692,11672.png,1.5990
9693,11673.png,1.3214
9694,11675.png,2.0953
9695,11676.png,1.3315
9696,11677.png,1.0769
9697,11678.png,1.5995
9698,11679.png,1.0669
9699,11680.png,1.1804
9700,11681.png,1.2458
9701,11682.png,2.8873
9702,11683.png,2.1526
9703,11684.png,1.4382
9704,11685.png,2.8599
9705,11686.png,3.1497
9706,11687.png,1.4581
9707,11688.png,1.2090
9708,11689.png,1.3643
9709,11690.png,1.3839
9710,11691.png,1.1542
9711,11692.png,1.2231
9712,11693.png,1.2625
9713,11694.png,1.3255
9714,11695.png,1.0999
9715,11696.png,1.4987
9716,11697.png,1.0916
9717,11701.png,1.3692
9718,11702.png,1.3667
9719,11703.png,1.5195
9720,11704.png,2.2461
9721,11705.png,1.5699
9722,11706.png,1.3319
9723,11707.png,1.2516
9724,11708.png,1.6691
9725,11710.png,1.9985
9726,11711.png,1.6138
9727,11712.png,1.4135
9728,11713.png,1.2834
9729,11714.png,1.4903
9730,11715.png,1.3358
9731,11716.png,1.3692
9732,11718.png,1.3794
9733,11719.png,1.2904
9734,11721.png,1.4398
9735,11723.png,1.4401
9736,11724.png,1.3430
9737,11726.png,1.2460
9738,11727.png,1.7674
9739,11728.png,1.6395
9740,11729.png,1.4855
9741,11730.png,1.2294
9742,11734.png,1.6208
9743,11735.png,1.3562
9744,11737.png,1.3288
9745,11738.png,1.3357
9746,11739.png,1.8328
9747,11740.png,1.4632
9748,11741.png,1.2169
9749,11742.png,1.2950
9750,11743.png,1.2134
9751,11744.png,1.4987
9752,11747.png,2.1094
9753,11748.png,1.3949
9754,11749.png,1.8438
9755,11750.png,1.4753
9756,11751.png,1.6704
9757,11752.png,1.2228
9758,11753.png,1.2679
9759,11754.png,1.2822
9760,11755.png,1.8159
9761,11756.png,1.2070
9762,11758.png,1.1986
9763,11759.png,2.9229
9764,11760.png,1.8885
9765,11761.png,1.4735
9766,11762.png,1.5317
9767,11764.png,1.9221
9768,11765.png,1.3020
9769,11766.png,1.4337
9770,11767.png,2.3122
9771,11768.png,2.0591
9772,11769.png,1.1238
9773,11770.png,1.4617
9774,11771.png,1.4497
9775,11772.png,1.3990
9776,11774.png,1.1023
9777,11775.png,1.4243
9778,11776.png,1.3415
9779,11777.png,1.3966
9780,11778.png,1.1558
9781,11779.png,1.3092
9782,11780.png,1.5912
9783,11782.png,1.1924
9784,11783.png,1.4826
9785,11784.png,1.6776
9786,11785.png,1.7172
9787,11786.png,1.5482
9788,11787.png,1.4461
9789,11788.png,1.5618
9790,11790.png,2.2992
9791,11791.png,2.2140
9792,11792.png,1.3126
9793,11793.png,1.6462
9794,11794.png,1.2961
9795,11795.png,1.5266
9796,11796.png,1.2582
9797,11797.png,1.3977
9798,11798.png,1.5365
9799,11799.png,1.2400
9800,11800.png,1.1772
9801,11802.png,1.3009
9802,11803.png,3.6233
9803,11804.png,1.2974
9804,11805.png,1.9563
9805,11806.png,1.7679
9806,11807.png,1.6306
9807,11808.png,1.4794
9808,11809.png,1.4023
9809,11810.png,1.2885
9810,11811.png,1.5915
9811,11812.png,1.1590
9812,11813.png,1.4479
9813,11814.png,1.3116
9814,11817.png,1.3846
9815,11819.png,1.2646
9816,11820.png,1.4476
9817,11821.png,1.3254
9818,11822.png,2.1738
9819,11823.png,1.5598
9820,11824.png,1.3427
9821,11826.png,3.1005
9822,11827.png,1.1657
9823,11828.png,1.6113
9824,11829.png,2.3653
9825,11831.png,1.7368
9826,11833.png,1.2219
9827,11834.png,1.4372
9828,11835.png,1.4912
9829,11836.png,1.9959
9830,11837.png,1.5783
9831,11838.png,1.4295
9832,11839.png,1.3892
9833,11840.png,1.1114
9834,11843.png,1.1830
9835,11844.png,1.3310
9836,11845.png,1.2665
9837,11846.png,1.3749
9838,11847.png,1.2361
9839,11848.png,1.5574
9840,11849.png,1.4649
9841,11850.png,2.2974
9842,11851.png,1.2597
9843,11852.png,1.3478
9844,11853.png,1.2570
9845,11854.png,1.3777
9846,11855.png,1.2319
9847,11856.png,1.2409
9848,11857.png,1.2752
9849,11858.png,1.6683
9850,11859.png,1.1195
9851,11860.png,1.4614
9852,11861.png,4.0579
9853,11862.png,1.3770
9854,11864.png,1.1253
9855,11865.png,1.3783
9856,11866.png,1.5179
9857,11867.png,1.1948
9858,11868.png,1.0680
9859,11869.png,1.3125
9860,11870.png,1.0752
9861,11871.png,2.4160
9862,11872.png,2.3244
9863,11873.png,1.5835
9864,11874.png,1.3651
9865,11875.png,1.9242
9866,11876.png,1.1724
9867,11879.png,1.6339
9868,11881.png,1.3325
9869,11882.png,1.9247
9870,11884.png,1.5677
9871,11885.png,5.1070
9872,11887.png,5.1855
9873,11888.png,4.8792
9874,11889.png,2.8887
9875,11890.png,2.9828
9876,11891.png,2.9447
9877,11892.png,4.6082
9878,11893.png,1.6240
9879,11896.png,2.4569
9880,11897.png,2.8524
9881,11898.png,2.9284
9882,11899.png,2.6371
9883,11900.png,3.1706
9884,11901.png,1.2505
9885,11902.png,3.5899
9886,11903.png,2.5829
9887,11905.png,2.5478
9888,11906.png,2.8988
9889,11907.png,2.3865
9890,11908.png,3.5321
9891,11909.png,3.3219
9892,11910.png,2.5969
9893,11911.png,2.9136
9894,11914.png,3.2319
9895,11915.png,2.9982
9896,11916.png,3.1253
9897,11917.png,3.0288
9898,11918.png,2.2406
9899,11919.png,1.4992
9900,11920.png,1.6191
9901,11921.png,1.1210
9902,11923.png,1.1334
9903,11924.png,1.3143
9904,11926.png,1.1938
9905,11927.png,1.3209
9906,11929.png,1.4502
9907,11930.png,1.4111
9908,11931.png,1.7632
9909,11932.png,1.6217
9910,11933.png,2.1632
9911,11934.png,2.4378
9912,11935.png,1.1871
9913,11936.png,2.1458
9914,11938.png,1.9952
9915,11939.png,1.3598
9916,11940.png,1.2795
9917,11941.png,1.0996
9918,11942.png,1.2321
9919,11943.png,1.5053
9920,11944.png,1.4531
9921,11945.png,1.4975
9922,11946.png,1.2653
9923,11947.png,1.4355
9924,11948.png,1.8425
9925,11949.png,1.2192
9926,11950.png,1.4101
9927,11951.png,1.3507
9928,11952.png,1.9925
9929,11953.png,2.1916
9930,11954.png,1.3598
9931,11955.png,1.2529
9932,11956.png,1.3554
9933,11957.png,1.4569
9934,11958.png,1.4463
9935,11959.png,1.5424
9936,11960.png,1.2632
9937,11961.png,1.8384
9938,11962.png,2.0137
9939,11963.png,1.4141
9940,11964.png,1.5004
9941,11965.png,1.2101
9942,11966.png,1.1769
9943,11968.png,1.2784
9944,11970.png,1.2539
9945,11971.png,1.3212
9946,11972.png,2.0116
9947,11973.png,1.4821
9948,11974.png,1.5337
9949,11975.png,1.5872
9950,11976.png,2.8075
9951,11977.png,1.5026
9952,11978.png,1.1670
9953,11979.png,1.2817
9954,11980.png,1.0873
9955,11981.png,1.2095
9956,11982.png,1.3396
9957,11983.png,1.3294
9958,11985.png,2.1835
9959,11986.png,1.7379
9960,11987.png,2.0456
9961,11988.png,1.3595
9962,11991.png,1.5760
9963,11994.png,2.0569
9964,11995.png,1.4642
9965,11996.png,2.1222
9966,11997.png,2.3426
9967,11998.png,2.1696
9968,12000.png,2.1437
9969,12001.png,1.4551
9970,12002.png,1.3329
9971,12003.png,1.3147
9972,12004.png,1.3856
9973,12005.png,1.8782
9974,12006.png,1.1754
9975,12007.png,1.4555
9976,12008.png,1.4214
9977,12009.png,1.5706
9978,12010.png,1.5755
9979,12011.png,1.4996
9980,12012.png,1.2230
9981,12013.png,1.5687
9982,12014.png,1.1696
9983,12015.png,1.4669
9984,12016.png,1.7771
9985,12017.png,1.6722
9986,12020.png,1.8218
9987,12021.png,2.2927
9988,12022.png,1.2031
9989,12023.png,1.5554
9990,12025.png,1.4893
9991,12027.png,1.0747
9992,12028.png,1.2490
9993,12029.png,1.9032
9994,12030.png,1.2780
9995,12031.png,1.4888
9996,12032.png,1.3809
9997,12033.png,1.5294
9998,12034.png,1.3020
9999,12035.png,1.1378
10000,12036.png,1.3043
10001,12037.png,1.6937
10002,12038.png,1.4607
10003,12039.png,1.2376
10004,12041.png,1.9110
10005,12042.png,1.6251
10006,12043.png,1.1321
10007,12044.png,1.2016
10008,12045.png,1.8674
10009,12046.png,1.5217
10010,12047.png,1.1780
10011,12048.png,1.3330
10012,12049.png,1.4916
10013,12050.png,1.6247
10014,12051.png,1.2207
10015,12052.png,1.2771
10016,12053.png,1.2633
10017,12054.png,1.6383
10018,12055.png,1.6911
10019,12056.png,4.2447
10020,12057.png,1.6448
10021,12058.png,1.3924
10022,12059.png,1.4043
10023,12060.png,1.2876
10024,12061.png,1.1945
10025,12062.png,1.4843
10026,12063.png,1.1674
10027,12064.png,1.6059
10028,12065.png,2.6581
10029,12066.png,1.4674
10030,12067.png,1.6776
10031,12068.png,1.4634
10032,12069.png,1.4919
10033,12070.png,1.6177
10034,12072.png,1.1804
10035,12073.png,1.5043
10036,12074.png,1.6607
10037,12075.png,4.0039
10038,12076.png,1.7063
10039,12078.png,1.4747
10040,12079.png,1.4909
10041,12080.png,1.4227
10042,12081.png,3.2823
10043,12083.png,1.9098
10044,12084.png,2.4369
10045,12087.png,1.3565
10046,12088.png,1.4960
10047,12089.png,1.8552
10048,12090.png,1.7889
10049,12091.png,1.9352
10050,12092.png,1.2594
10051,12093.png,1.2775
10052,12094.png,1.3355
10053,12095.png,2.4643
10054,12096.png,1.7906
10055,12097.png,1.4900
10056,12099.png,1.2171
10057,12100.png,1.3609
10058,12101.png,1.2862
10059,12102.png,1.2307
10060,12103.png,1.3633
10061,12104.png,1.5083
10062,12105.png,1.4042
10063,12106.png,1.2038
10064,12107.png,5.5454
10065,12108.png,2.9024
10066,12110.png,1.6089
10067,12111.png,1.6849
10068,12112.png,1.2457
10069,12113.png,1.5731
10070,12115.png,1.8330
10071,12116.png,1.4377
10072,12118.png,1.6586
10073,12119.png,1.4622
10074,12120.png,1.1319
10075,12121.png,1.4072
10076,12122.png,1.6595
10077,12123.png,1.8974
10078,12124.png,1.3513
10079,12125.png,1.3894
10080,12126.png,1.5243
10081,12128.png,1.2867
10082,12129.png,1.5268
10083,12130.png,1.4554
10084,12131.png,2.0605
10085,12132.png,1.3246
10086,12133.png,1.8598
10087,12134.png,1.8244
10088,12135.png,1.5185
10089,12136.png,1.5790
10090,12137.png,1.3474
10091,12138.png,1.7372
10092,12139.png,1.6919
10093,12141.png,1.6902
10094,12142.png,1.4704
10095,12143.png,1.2895
10096,12145.png,1.8781
10097,12146.png,1.8036
10098,12147.png,1.3835
10099,12148.png,1.3590
10100,12150.png,1.4724
10101,12151.png,1.2553
10102,12152.png,1.1101
10103,12153.png,2.1192
10104,12154.png,1.6160
10105,12155.png,1.2824
10106,12156.png,1.2408
10107,12158.png,3.5525
10108,12159.png,2.6040
10109,12160.png,1.9106
10110,12162.png,1.9869
10111,12163.png,1.5786
10112,12164.png,1.7583
10113,12165.png,1.8571
10114,12167.png,1.1460
10115,12168.png,1.1776
10116,12169.png,1.4155
10117,12170.png,1.7187
10118,12171.png,1.1647
10119,12172.png,1.0889
10120,12173.png,1.6250
10121,12174.png,1.1339
10122,12175.png,1.6424
10123,12176.png,1.5206
10124,12177.png,1.2052
10125,12178.png,1.0554
10126,12179.png,1.2012
10127,12180.png,1.5712
10128,12181.png,1.3713
10129,12182.png,1.3393
10130,12184.png,1.2205
10131,12185.png,2.2186
10132,12187.png,1.3481
10133,12188.png,1.4157
10134,12189.png,1.3781
10135,12190.png,1.8701
10136,12191.png,1.0978
10137,12193.png,1.3041
10138,12194.png,2.4139
10139,12196.png,1.7739
10140,12197.png,1.5543
10141,12198.png,2.1645
10142,12199.png,1.6873
10143,12200.png,1.5585
10144,12201.png,1.1631
10145,12202.png,1.6135
10146,12203.png,1.5866
10147,12204.png,1.8305
10148,12205.png,1.7980
10149,12206.png,1.9035
10150,12207.png,3.6411
10151,12208.png,2.4080
10152,12209.png,1.5848
10153,12211.png,1.3554
10154,12212.png,1.4790
10155,12213.png,1.5742
10156,12214.png,1.4066
10157,12216.png,1.2985
10158,12217.png,4.0902
10159,12218.png,3.8532
10160,12219.png,2.1067
10161,12220.png,1.3471
10162,12221.png,1.1809
10163,12222.png,2.7286
10164,12223.png,1.5163
10165,12224.png,3.4195
10166,12225.png,1.6292
10167,12227.png,1.4265
10168,12228.png,2.1441
10169,12229.png,1.6333
10170,12230.png,1.5729
10171,12231.png,1.3662
10172,12232.png,1.3537
10173,12233.png,3.2593
10174,12234.png,1.5871
10175,12237.png,1.9986
10176,12240.png,1.6537
10177,12241.png,2.1256
10178,12242.png,1.9980
10179,12243.png,1.8437
10180,12244.png,1.2987
10181,12245.png,1.0937
10182,12246.png,1.0537
10183,12247.png,1.8151
10184,12248.png,1.2460
10185,12249.png,1.4804
10186,12251.png,1.5716
10187,12253.png,2.6128
10188,12254.png,1.5860
10189,12255.png,1.2353
10190,12256.png,1.3398
10191,12258.png,4.1067
10192,12259.png,3.0289
10193,12260.png,1.4409
10194,12261.png,1.2237
10195,12262.png,1.4220
10196,12263.png,1.1551
10197,12264.png,1.1841
10198,12265.png,1.5273
10199,12266.png,2.0143
10200,12267.png,1.5030
10201,12268.png,1.3895
10202,12269.png,1.3340
10203,12271.png,1.4742
10204,12272.png,1.9066
10205,12273.png,1.8579
10206,12274.png,1.4690
10207,12277.png,1.3412
10208,12278.png,1.1633
10209,12279.png,1.4017
10210,12280.png,1.3672
10211,12281.png,1.4035
10212,12282.png,1.3150
10213,12283.png,1.3452
10214,12284.png,1.6354
10215,12285.png,1.4006
10216,12286.png,4.6825
10217,12287.png,2.9390
10218,12288.png,2.0170
10219,12289.png,1.2282
10220,12292.png,1.2518
10221,12293.png,1.0964
10222,12294.png,2.0000
10223,12295.png,1.1976
10224,12296.png,1.1794
10225,12298.png,1.4236
10226,12300.png,1.8611
10227,12302.png,3.3027
10228,12303.png,2.8726
10229,12304.png,1.2464
10230,12305.png,1.4096
10231,12306.png,2.6440
10232,12307.png,2.0289
10233,12308.png,1.3195
10234,12310.png,1.2418
10235,12311.png,1.0734
10236,12312.png,1.2583
10237,12313.png,1.2025
10238,12314.png,1.4614
10239,12315.png,1.6710
10240,12316.png,2.4656
10241,12317.png,1.6613
10242,12318.png,1.4876
10243,12319.png,1.4379
10244,12320.png,1.8692
10245,12321.png,1.8374
10246,12322.png,1.8184
10247,12323.png,1.2746
10248,12324.png,1.4247
10249,12325.png,1.5464
10250,12326.png,1.7819
10251,12327.png,1.2134
10252,12328.png,1.1845
10253,12329.png,1.1435
10254,12330.png,1.3018
10255,12331.png,1.4450
10256,12332.png,2.2154
10257,12333.png,1.9318
10258,12334.png,1.5515
10259,12335.png,1.3022
10260,12336.png,2.5036
10261,12337.png,1.5053
10262,12338.png,1.9193
10263,12339.png,1.1990
10264,12340.png,1.3736
10265,12341.png,1.5137
10266,12343.png,1.3599
10267,12345.png,1.2550
10268,12347.png,1.5900
10269,12348.png,1.6359
10270,12349.png,1.2134
10271,12350.png,1.1349
10272,12351.png,1.5163
10273,12352.png,1.3885
10274,12353.png,1.9655
10275,12355.png,1.4784
10276,12356.png,1.1920
10277,12357.png,1.4170
10278,12358.png,1.7288
10279,12359.png,1.5919
10280,12360.png,1.8462
10281,12361.png,1.3798
10282,12363.png,2.3390
10283,12364.png,1.1472
10284,12365.png,3.2842
10285,12366.png,1.9026
10286,12367.png,1.2007
10287,12368.png,1.3284
10288,12369.png,2.6236
10289,12370.png,7.9891
10290,12371.png,15.5753
10291,12372.png,8.0483
10292,12373.png,1.8144
10293,12375.png,3.5798
10294,12376.png,1.5342
10295,12377.png,3.0735
10296,12379.png,1.8005
10297,12380.png,2.8167
10298,12381.png,2.9151
10299,12383.png,3.3142
10300,12384.png,3.8909
10301,12386.png,3.4816
10302,12387.png,2.7888
10303,12388.png,3.5899
10304,12389.png,3.3472
10305,12390.png,2.8574
10306,12391.png,2.7068
10307,12392.png,2.5920
10308,12393.png,2.8724
10309,12395.png,2.6625
10310,12396.png,3.1530
10311,12398.png,2.8580
10312,12399.png,3.9798
10313,12400.png,3.0799
10314,12401.png,3.7281
10315,12403.png,2.7517
10316,12404.png,3.3873
10317,12405.png,2.9488
10318,12406.png,3.3892
10319,12407.png,2.7388
10320,12409.png,2.9213
10321,12410.png,2.7238
10322,12411.png,3.1927
10323,12412.png,3.4666
10324,12413.png,3.0776
10325,12414.png,2.9403
10326,12415.png,3.3667
10327,12416.png,1.4201
10328,12417.png,3.0752
10329,12418.png,1.2882
10330,12421.png,2.0270
10331,12423.png,1.1011
10332,12425.png,1.2489
10333,12428.png,1.4691
10334,12430.png,1.7589
10335,12431.png,1.5263
10336,12432.png,1.3501
10337,12434.png,4.8821
10338,12435.png,2.1302
10339,12436.png,1.6528
10340,12437.png,1.3704
10341,12438.png,1.1681
10342,12439.png,1.2698
10343,12440.png,1.3733
10344,12441.png,1.2142
10345,12442.png,2.0221
10346,12443.png,1.9548
10347,12444.png,2.1159
10348,12447.png,1.5597
10349,12448.png,1.2391
10350,12449.png,1.3196
10351,12450.png,1.1348
10352,12452.png,1.3273
10353,12453.png,1.3002
10354,12455.png,1.2596
10355,12456.png,2.0093
10356,12457.png,1.3681
10357,12459.png,1.5386
10358,12460.png,1.2592
10359,12461.png,1.1620
10360,12462.png,1.5528
10361,12463.png,1.4924
10362,12464.png,1.8132
10363,12465.png,1.1911
10364,12466.png,1.3177
10365,12467.png,1.0789
10366,12468.png,1.4808
10367,12469.png,2.0604
10368,12470.png,1.6046
10369,12471.png,1.6050
10370,12472.png,1.4560
10371,12474.png,1.3272
10372,12475.png,1.4170
10373,12477.png,1.2437
10374,12478.png,1.2919
10375,12479.png,1.1569
10376,12480.png,1.3208
10377,12481.png,1.3919
10378,12482.png,1.7657
10379,12483.png,1.4314
10380,12484.png,1.4383
10381,12485.png,1.5830
10382,12486.png,1.1562
10383,12487.png,1.2747
10384,12488.png,1.2051
10385,12489.png,1.1452
10386,12490.png,1.6032
10387,12491.png,1.2767
10388,12492.png,1.2082
10389,12493.png,1.8463
10390,12494.png,1.2795
10391,12495.png,1.4791
10392,12496.png,1.0999
10393,12497.png,1.6145
10394,12499.png,1.9470
10395,12500.png,1.5039
10396,12501.png,1.5806
10397,12503.png,1.3328
10398,12504.png,1.7374
10399,12505.png,1.5749
10400,12506.png,1.2169
10401,12508.png,1.1752
10402,12509.png,1.2195
10403,12510.png,1.3018
10404,12511.png,1.4194
10405,12513.png,1.1869
10406,12516.png,1.2860
10407,12517.png,1.1933
10408,12518.png,1.6173
10409,12519.png,1.1412
10410,12520.png,4.0718
10411,12521.png,1.6939
10412,12522.png,1.2002
10413,12523.png,1.8319
10414,12524.png,1.3824
10415,12525.png,1.2814
10416,12526.png,1.3372
10417,12527.png,1.3051
10418,12528.png,1.7268
10419,12529.png,1.3523
10420,12530.png,1.4948
10421,12531.png,1.5453
10422,12532.png,2.3040
10423,12533.png,1.2804
10424,12534.png,1.7556
10425,12535.png,1.8888
10426,12536.png,1.3818
10427,12537.png,1.2441
10428,12538.png,1.8618
10429,12539.png,1.1662
10430,12540.png,1.7995
10431,12541.png,1.1716
10432,12542.png,1.4365
10433,12543.png,1.6345
10434,12544.png,1.4076
10435,12545.png,1.4124
10436,12546.png,1.5674
10437,12547.png,1.2632
10438,12548.png,2.7541
10439,12549.png,1.2628
10440,12550.png,1.5063
10441,12551.png,1.2464
10442,12552.png,1.1371
10443,12553.png,1.4082
10444,12555.png,1.7747
10445,12556.png,1.3028
10446,12557.png,1.3256
10447,12558.png,1.3172
10448,12559.png,1.6534
10449,12560.png,1.1351
10450,12561.png,1.2955
10451,12562.png,1.4244
10452,12565.png,1.6357
10453,12566.png,1.3192
10454,12570.png,1.3137
10455,12571.png,1.7632
10456,12572.png,1.4349
10457,12573.png,1.9360
10458,12574.png,2.1192
10459,12575.png,1.2747
10460,12576.png,1.3530
10461,12578.png,1.5372
10462,12579.png,1.2645
10463,12580.png,1.8468
10464,12581.png,2.0184
10465,12582.png,1.6703
10466,12583.png,1.4252
10467,12585.png,1.3668
10468,12589.png,1.4917
10469,12590.png,1.2179
10470,12591.png,1.3056
10471,12592.png,2.3283
10472,12593.png,1.6484
10473,12594.png,2.2373
10474,12595.png,1.3434
10475,12596.png,1.6672
10476,12598.png,2.4128
10477,12600.png,1.5517
10478,12601.png,1.1083
10479,12602.png,1.3247
10480,12603.png,1.9469
10481,12604.png,1.5461
10482,12605.png,1.6269
10483,12606.png,1.4163
10484,12607.png,1.5619
10485,12608.png,1.2923
10486,12609.png,1.1789
10487,12610.png,5.4822
10488,12612.png,8.2056
10489,12613.png,8.5252
10490,12614.png,10.3009
10491,12616.png,3.0715
10492,12618.png,4.3561
10493,12620.png,3.8496
10494,12621.png,2.6985
10495,12622.png,2.8837
10496,12623.png,2.9804
10497,12624.png,4.0719
10498,12625.png,3.3311
10499,12626.png,3.3118
10500,12628.png,3.0858
